"id","username","url","photo_url","created_at","caption","tagged_users","likes","comments","filter","location_id"
"1257293156213487915","renee.michelle.s","https://www.instagram.com/p/BFyzXbSonkr/","https://scontent.cdninstagram.com/t51.2885-15/s640x640/sh0.08/e35/13261015_1753897408158310_234152741_n.jpg?ig_cache_key=MTI1NzI5MzE1NjIxMzQ4NzkxNQ%3D%3D.2","2016-05-24 14:44:05","üá´üáÆHelsinki Cathedralüá´üáÆ #perfectday #church #cathedral #helsinkicathedral #helsinki #finland #europe #contiki #noregrets #russiascandinaviaplus #wanderlust #travel #holiday #adventure #newadventure #traveladdict #neverstopexploring #contikilasse #contikiraf","0","4","0","Normal","221564597"
"1257283500700900857","ynwa2211","https://www.instagram.com/p/BFyxK65PJ35/","https://scontent.cdninstagram.com/t51.2885-15/e35/13249674_1630386947284047_2052992925_n.jpg?ig_cache_key=MTI1NzI4MzUwMDcwMDkwMDg1Nw%3D%3D.2.l","2016-05-24 14:24:54","It's been almost a year üò© Time fliesüò±
#tbt #goodtimes #goodtimeswithgoodpeople #tb #otra #otratour #happy #happiness #helsinki #finland #selfie #nofilter #weekendabroad #readytorun","1","4","0","Normal","221564597"
"1257280311980941770","daescorval","https://www.instagram.com/p/BFywchKt2HK/","https://scontent.cdninstagram.com/t51.2885-15/s640x640/sh0.08/e35/13267582_1603871226596372_388383981_n.jpg?ig_cache_key=MTI1NzI4MDMxMTk4MDk0MTc3MA%3D%3D.2","2016-05-24 14:18:34","Senaantitori","0","1","0","Clarendon","221564597"
"1257265684084553372","1secilturk","https://www.instagram.com/p/BFytHp4Jfac/","https://scontent.cdninstagram.com/t51.2885-15/s640x640/sh0.08/e35/13260887_515522298657786_473251224_n.jpg?ig_cache_key=MTI1NzI2NTY4NDA4NDU1MzM3Mg%3D%3D.2.l","2016-05-24 13:49:30","None","0","4","0","Clarendon","221564597"
"1257265169050097887","zinovyevau","https://www.instagram.com/p/BFytAKNs9jf/","https://scontent.cdninstagram.com/t51.2885-15/s640x640/sh0.08/e35/13260836_176829922715039_533306120_n.jpg?ig_cache_key=MTI1NzI2NTE2OTA1MDA5Nzg4Nw%3D%3D.2","2016-05-24 13:48:29","#Senaatintori üá´üáÆ #AlexanderII #HelsinkiCathedral","0","1","0","Normal","221564597"
"1257256711739995960","argier96","https://www.instagram.com/p/BFyrFFuvPc4/","https://scontent.cdninstagram.com/t51.2885-15/s640x640/sh0.08/e35/13248859_1105658076139070_341125311_n.jpg?ig_cache_key=MTI1NzI1NjcxMTczOTk5NTk2MA%3D%3D.2.l","2016-05-24 13:31:41","None","0","4","0","Clarendon","221564597"
"1257251973502416539","juliawilhelm1","https://www.instagram.com/p/BFyqAI5xTab/","https://scontent.cdninstagram.com/t51.2885-15/s640x640/sh0.08/e35/13285259_1179308718776499_599527679_n.jpg?ig_cache_key=MTI1NzI1MTk3MzUwMjQxNjUzOQ%3D%3D.2.l","2016-05-24 13:22:16","Go to HELsinki üá´üáÆüá´üáÆüá´üáÆ #Helsinki","0","4","0","Normal","221564597"
"1257245685223298708","anna_koponen","https://www.instagram.com/p/BFyokofIJaU/","https://scontent.cdninstagram.com/t51.2885-15/s640x640/sh0.08/e35/13108689_233555097020091_773195005_n.jpg?ig_cache_key=MTI1NzI0NTY4NTIyMzI5ODcwOA%3D%3D.2","2016-05-24 13:09:46","Tis a good day when you get to pass by beautiful places like this on route to meetings üòç  #helsinki #tuomiokirkko #sunnyday #notbad #visitfinland","0","4","1","Lark","221564597"
"1257244794629252539","veralatysheva","https://www.instagram.com/p/BFyoXrDleW7/","https://scontent.cdninstagram.com/t51.2885-15/e15/13167201_905261489584719_184099298_n.jpg?ig_cache_key=MTI1NzI0NDc5NDYyOTI1MjUzOQ%3D%3D.2","2016-05-24 13:08:00","–í –ø—É—Ç—å!!!","0","4","0","Rise","221564597"
"1257235939735612387","juliakost22","https://www.instagram.com/p/BFymW0Sy6vj/","https://scontent.cdninstagram.com/t51.2885-15/s640x640/sh0.08/e35/13183526_1605946376386830_1161681336_n.jpg?ig_cache_key=MTI1NzIzNTkzOTczNTYxMjM4Nw%3D%3D.2","2016-05-24 12:50:24","None","0","4","2","Lo-fi","221564597"
"1257234089191910299","juliakost22","https://www.instagram.com/p/BFyl741y6ub/","https://scontent.cdninstagram.com/t51.2885-15/s640x640/sh0.08/e35/13259526_1021573037897309_1025278987_n.jpg?ig_cache_key=MTI1NzIzNDA4OTE5MTkxMDI5OQ%3D%3D.2","2016-05-24 12:46:44","–•–µ–ª—å—Å–∏–Ω–∫–∏ –ø–æ—Ö–æ–∂ –Ω–∞ –ü–∏—Ç–µ—Ä","0","4","0","Normal","221564597"
"1257230029406451642","annetta1812","https://www.instagram.com/p/BFylAz3ube6/","https://scontent.cdninstagram.com/t51.2885-15/s640x640/sh0.08/e35/13181363_242828662739764_1047513775_n.jpg?ig_cache_key=MTI1NzIzMDAyOTQwNjQ1MTY0Mg%3D%3D.2","2016-05-24 12:38:40","None","0","2","0","Clarendon","221564597"
"1257227555703493539","giulia_fanotto","https://www.instagram.com/p/BFykc0DihOj/","https://scontent.cdninstagram.com/t51.2885-15/s640x640/sh0.08/e35/13277730_1693012620965387_2025475266_n.jpg?ig_cache_key=MTI1NzIyNzU1NTcwMzQ5MzUzOQ%3D%3D.2","2016-05-24 12:33:45","#helsinki #finland #finlandia #finland_photolovers #ig_finland #travel #travelgram #travelphotography #tourist #istagood #istalike #senaatintori #worldcaptures #worldplaces #wonderlust","0","4","2","Lark","221564597"
"1257226293041925782","tapiolankuoro_tapiolachoir","https://www.instagram.com/p/BFykKcHC46W/","https://scontent.cdninstagram.com/t51.2885-15/s640x640/sh0.08/e35/13269492_633890113430100_1765432550_n.jpg?ig_cache_key=MTI1NzIyNjI5MzA0MTkyNTc4Mg%3D%3D.2","2016-05-24 12:31:14","Upean esiintymisen j√§lkeinen aurinkokylpy bussia odotellessa!üëåüèº‚òÄÔ∏èüïåüé∂ #tapiolankuoro","0","4","0","Lark","221564597"
"1257223522973231578","eneahaxhiaj","https://www.instagram.com/p/BFyjiISFana/","https://scontent.cdninstagram.com/t51.2885-15/s640x640/sh0.08/e35/13256687_1549764588664034_2073647155_n.jpg?ig_cache_key=MTI1NzIyMzUyMjk3MzIzMTU3OA%3D%3D.2.l","2016-05-24 12:25:44","With love from Helsinki","0","4","0","Moon","221564597"
"1257217981820952568","will_monti","https://www.instagram.com/p/BFyiRfrq9_4/","https://scontent.cdninstagram.com/t51.2885-15/s640x640/sh0.08/e35/13269535_928293007283465_639765757_n.jpg?ig_cache_key=MTI1NzIxNzk4MTgyMDk1MjU2OA%3D%3D.2","2016-05-24 12:14:44","√Ñiti on Suomessa!!!! Long time without seeing her so now enjoy three weeks of being with her again!","0","4","1","Normal","221564597"
"1257217358624472912","paulinkam_","https://www.instagram.com/p/BFyiIbSRD9Q/","https://scontent.cdninstagram.com/t51.2885-15/s640x640/sh0.08/e35/13277620_1006561472763371_591729382_n.jpg?ig_cache_key=MTI1NzIxNzM1ODYyNDQ3MjkxMg%3D%3D.2","2016-05-24 12:13:29","#senatsquare #helsinki #finland #erasmus #erasmustrip #instatravel #whiteandblue üá´üáÆüá´üáÆüá´üáÆ","0","4","2","Lark","221564597"
"1257205124098747360","ksusha.mark","https://www.instagram.com/p/BFyfWY_tOvg/","https://scontent.cdninstagram.com/t51.2885-15/s640x640/sh0.08/e35/13298276_1587492611581308_3928246_n.jpg?ig_cache_key=MTI1NzIwNTEyNDA5ODc0NzM2MA%3D%3D.2.l","2016-05-24 11:49:11","–í–µ—Å—å –•–µ–ª—å—Å–∏–Ω–∫–∏ –≤ –æ–¥–Ω–æ–º —Ñ–æ—Ç–æ. üòÇüïä","0","4","0","Juno","221564597"
"1257197356022518029","malfred74","https://www.instagram.com/p/BFydlWaSFEN/","https://scontent.cdninstagram.com/t51.2885-15/s640x640/sh0.08/e35/13260794_1729283374014603_489218194_n.jpg?ig_cache_key=MTI1NzE5NzM1NjAyMjUxODAyOQ%3D%3D.2.l","2016-05-24 11:33:45","beautiful day in the center of HEL. #helsinki #finland üá´üáÆ #senate square #bluesky #daytrip #toursbypjrj #helsinkicathedral #swedem2016 #leveymyheartinscandinavia #betsyandhuckleforever","0","4","0","Normal","221564597"
"1257171643805929549","devonrosemarie","https://www.instagram.com/p/BFyXvMCvxBN/","https://scontent.cdninstagram.com/t51.2885-15/s640x640/sh0.08/e35/13249779_1117189895011843_2013506250_n.jpg?ig_cache_key=MTI1NzE3MTY0MzgwNTkyOTU0OQ%3D%3D.2","2016-05-24 10:42:40","Been some places, seen some things.","0","4","1","Normal","221564597"
"1257163139392028794","lenichevasandra","https://www.instagram.com/p/BFyVzbsLUB6/","https://scontent.cdninstagram.com/t51.2885-15/s640x640/sh0.08/e35/13257112_1096122130429855_306336362_n.jpg?ig_cache_key=MTI1NzE2MzEzOTM5MjAyODc5NA%3D%3D.2","2016-05-24 10:25:46","Sunny and warm in #Helsinki üë®‚Äçüë©‚Äçüëß‚Äçüë¶‚ù§Ô∏èüë®‚Äçüë©‚Äçüëß‚Äçüë¶ #family #sanechki #vacations #100happydayschallenge #100happydays #day46","0","4","0","Lark","221564597"
"1257140620205804903","kris_koltel","https://www.instagram.com/p/BFyQrvEFM1n/","https://scontent.cdninstagram.com/t51.2885-15/s640x640/sh0.08/e35/13188011_1000756433346739_1235930625_n.jpg?ig_cache_key=MTI1NzE0MDYyMDIwNTgwNDkwMw%3D%3D.2.l","2016-05-24 09:41:01","–í üá∑üá∫ —É–∂–µ —Å–æ–≤—Å–µ–º —Å–∫–æ—Ä–æ! –ê –ø–æ–∫–∞ –º—ã —Ä–µ—à–∏–ª–∏ –Ω–µ–º–Ω–æ–≥–æ –ø–æ–ø—É—Ç–µ—à–µ—Å—Ç–≤–æ–≤–∞—Ç—å –ø–æ üá´üáÆ ü§ó #—Ö–æ—Ä–æ—à–µ–≥–æ–¥–Ω—è #–≤—Å–µ–º ‚òÄÔ∏è","0","4","0","Mayfair","221564597"
"1257133962716071030","alitaskiraan","https://www.instagram.com/p/BFyPK2yxUR2/","https://scontent.cdninstagram.com/t51.2885-15/s640x640/sh0.08/e35/13269553_1001445486571213_478084215_n.jpg?ig_cache_key=MTI1NzEzMzk2MjcxNjA3MTAzMA%3D%3D.2.l","2016-05-24 09:27:48","Hello Finland! #finland #suomi #finlandiya #helsinki #helsingi #travel #erasmus #erasmuslife #theerasmusbible #lutheranscathedral","7","4","0","Normal","221564597"
"1257116134432725451","edowding","https://www.instagram.com/p/BFyLHa6RlnL/","https://scontent.cdninstagram.com/t51.2885-15/s640x640/sh0.08/e35/13259125_280062972336055_1295229135_n.jpg?ig_cache_key=MTI1NzExNjEzNDQzMjcyNTQ1MQ%3D%3D.2","2016-05-24 08:52:23","None","0","4","0","Normal","221564597"
"1257093812057043456","money_seven","https://www.instagram.com/p/BFyGCllAHIA/","https://scontent.cdninstagram.com/t51.2885-15/s640x640/sh0.08/e35/13116751_1553275614979710_1409500396_n.jpg?ig_cache_key=MTI1NzA5MzgxMjA1NzA0MzQ1Ng%3D%3D.2","2016-05-24 08:08:01","–ú–∏—Ä–Ω—ã–µ –•–µ–ª—å—Å–∏–Ω–∫–∏ üòå
–ê –µ–¥–∏–Ω–æ—Ä–æ–≥ –≤–º–µ—Å—Ç–æ –Ω–∞–∑–≤–∞–Ω–∏—è —É–ª–∏—Ü—ã, –¥–∞–≤–Ω—ã–º –¥–∞–≤–Ω–æ –±—ã–ª–æ –Ω–æ—Ä–º–æ–π) –ê —Å–µ–π—á–∞—Å –æ—Å—Ç–∞–ª–æ—Å—å –Ω–∞ —Ä–∞–¥–æ—Å—Ç—å —Ç—É—Ä–∏—Å—Ç–∞–º. #eurotrip #—Ö–µ–ª—å—Å–∏–Ω–∫–∏ #helsinki","0","4","0","Lark","221564597"
"1257077187148634953","milki_katya","https://www.instagram.com/p/BFyCQqbPdtJ/","https://scontent.cdninstagram.com/t51.2885-15/s640x640/sh0.08/e35/13256575_1579865332306563_999747476_n.jpg?ig_cache_key=MTI1NzA3NzE4NzE0ODYzNDk1Mw%3D%3D.2.l","2016-05-24 07:35:00","#–ª—é–±–ª—é–¥–∞–Ω–∏–ª–∞","0","4","1","Nashville","221564597"
"1257070766061388633","bel0v04ka","https://www.instagram.com/p/BFyAzOUngNZ/","https://scontent.cdninstagram.com/t51.2885-15/s640x640/sh0.08/e35/13256727_852335844911291_533326093_n.jpg?ig_cache_key=MTI1NzA3MDc2NjA2MTM4ODYzMw%3D%3D.2","2016-05-24 07:22:14","–ù—É –∞ —Ç–µ–ø–µ—Ä—å –ø–æ—É—á–∏—Ç–µ–ª—å–Ω—ã–µ –∏—Å—Ç–æ—Ä–∏–∏üëì","2","4","0","Normal","221564597"
"1257068541018485823","annetta1812","https://www.instagram.com/p/BFyAS2FubQ_/","https://scontent.cdninstagram.com/t51.2885-15/s640x640/sh0.08/e35/13108496_1627113117608149_241272757_n.jpg?ig_cache_key=MTI1NzA2ODU0MTAxODQ4NTgyMw%3D%3D.2","2016-05-24 07:17:49","None","0","3","0","Clarendon","221564597"
"1257067965945852979","annetta1812","https://www.instagram.com/p/BFyAKegubQz/","https://scontent.cdninstagram.com/t51.2885-15/s640x640/sh0.08/e35/13166831_1031782103580272_222603314_n.jpg?ig_cache_key=MTI1NzA2Nzk2NTk0NTg1Mjk3OQ%3D%3D.2","2016-05-24 07:16:40","None","0","3","0","Clarendon","221564597"
"1257065071637457919","kroshka_si","https://www.instagram.com/p/BFx_gW-gGv_/","https://scontent.cdninstagram.com/t51.2885-15/s640x640/sh0.08/e35/13258863_1625884967701603_1432221253_n.jpg?ig_cache_key=MTI1NzA2NTA3MTYzNzQ1NzkxOQ%3D%3D.2.l","2016-05-24 07:10:55","–°–æ–ª–Ω—ã—à–∫–æ —Å–ª–µ–ø–∏—Ç))
üòä","0","4","0","Gingham","221564597"
"1257064175417295580","bel0v04ka","https://www.instagram.com/p/BFx_TUTngLc/","https://scontent.cdninstagram.com/t51.2885-15/s640x640/sh0.08/e35/13267346_251180251912741_917273803_n.jpg?ig_cache_key=MTI1NzA2NDE3NTQxNzI5NTU4MA%3D%3D.2.l","2016-05-24 07:09:08","–° –ø–æ–≥–æ–¥–æ–π –Ω–∞–º –∫–æ–Ω–µ—á–Ω–æ –ø–æ–≤–µ–∑–ª–æüåû","0","4","0","Clarendon","221564597"
"1257056255423913862","marttah65","https://www.instagram.com/p/BFx9gEPOZ-G/","https://scontent.cdninstagram.com/t51.2885-15/s640x640/sh0.08/e35/13256755_1741924039379311_1366212658_n.jpg?ig_cache_key=MTI1NzA1NjI1NTQyMzkxMzg2Mg%3D%3D.2","2016-05-24 06:53:24","Hey Alexander, did yoy notice you have a seagull on your head?
#Helsinki #senatesquare #alexanderthesecond #helsinkicathedral #summer #seagull #ilovehelsinki #summercity","0","4","0","Normal","221564597"
"1257020801463388339","aali019","https://www.instagram.com/p/BFx1cJKgIiz/","https://scontent.cdninstagram.com/t51.2885-15/s640x640/sh0.08/e35/13249001_460933634116051_285779613_n.jpg?ig_cache_key=MTI1NzAyMDgwMTQ2MzM4ODMzOQ%3D%3D.2","2016-05-24 05:42:58","Boris bikes have come to Finland!!","0","0","0","Normal","221564597"
"1257019060273909977","eyadyas","https://www.instagram.com/p/BFx1CzjhZDZ/","https://scontent.cdninstagram.com/t51.2885-15/s640x640/sh0.08/e35/13183374_273959269617505_579931500_n.jpg?ig_cache_key=MTI1NzAxOTA2MDI3MzkwOTk3Nw%3D%3D.2.l","2016-05-24 05:39:30","#helsinki #finland #senatesquare #goodtime #guy #man #backpacker #traveller #worldtraveler","0","4","1","Lark","221564597"
"1256866208548876667","julianheil","https://www.instagram.com/p/BFxSShSv3F7/","https://scontent.cdninstagram.com/t51.2885-15/s640x640/sh0.08/e35/13256946_234790606900707_2140301919_n.jpg?ig_cache_key=MTI1Njg2NjIwODU0ODg3NjY2Nw%3D%3D.2","2016-05-24 00:35:49","Helsinki Cathedral ‚õ™Ô∏è #tbt #throwback #helsinki #finland #september #holiday #berlin #germany #travelling #plane #airberlin #fun #sun #evening #light #city #urban #history #hashtag #haha #2016","0","4","1","Normal","221564597"
"1256746262536186504","evalyu_","https://www.instagram.com/p/BFw3BE3ROqI/","https://scontent.cdninstagram.com/t51.2885-15/s640x640/sh0.08/e35/13267553_188819461512755_1547435881_n.jpg?ig_cache_key=MTI1Njc0NjI2MjUzNjE4NjUwNA%3D%3D.2.l","2016-05-23 20:37:30","‰∏ÄÈ¢óËÉ°ËêùÂçú","0","2","1","Clarendon","221564597"
"1256733971203779145","irinka.astapova","https://www.instagram.com/p/BFw0ONqxGpJ/","https://scontent.cdninstagram.com/t51.2885-15/s640x640/sh0.08/e35/13109032_1593294197650127_1057598300_n.jpg?ig_cache_key=MTI1NjczMzk3MTIwMzc3OTE0NQ%3D%3D.2.l","2016-05-23 20:13:05","None","2","4","0","Normal","221564597"
"1256717841286197048","danyb1987","https://www.instagram.com/p/BFwwjfgwm84/","https://scontent.cdninstagram.com/t51.2885-15/s640x640/sh0.08/e35/13259058_1195156337170196_1680067215_n.jpg?ig_cache_key=MTI1NjcxNzg0MTI4NjE5NzA0OA%3D%3D.2","2016-05-23 19:41:02","None","0","1","0","Lark","221564597"
"1256712733240806650","augustoasis","https://www.instagram.com/p/BFwvZKRh0z6/","https://scontent.cdninstagram.com/t51.2885-15/s640x640/sh0.08/e35/13257102_115498565535320_370375226_n.jpg?ig_cache_key=MTI1NjcxMjczMzI0MDgwNjY1MA%3D%3D.2.l","2016-05-23 19:30:53","üå∑üè§üåÖ","0","4","3","Normal","221564597"
"1256703310697359003","fayham","https://www.instagram.com/p/BFwtQC2LGab/","https://scontent.cdninstagram.com/t51.2885-15/s640x640/sh0.08/e35/13277566_817935201674459_34894686_n.jpg?ig_cache_key=MTI1NjcwMzMxMDY5NzM1OTAwMw%3D%3D.2","2016-05-23 19:12:10","Helsinki Senate Square. #helsinki #senate #finland","0","4","0","Lark","221564597"
"1256696909157950848","traveldinestyle","https://www.instagram.com/p/BFwry48sOWA/","https://scontent.cdninstagram.com/t51.2885-15/s640x640/sh0.08/e35/13183380_651377391683031_941747043_n.jpg?ig_cache_key=MTI1NjY5NjkwOTE1Nzk1MDg0OA%3D%3D.2","2016-05-23 18:59:27","Helsinki üá´üáÆüì∏üòé #summertime #instapic #helsinki #finland #sightseeing #vacation","0","4","1","Clarendon","221564597"
"1256676894065648814","hannaropo_fitlife","https://www.instagram.com/p/BFwnPocOWSu/","https://scontent.cdninstagram.com/t51.2885-15/s640x640/sh0.08/e35/13260843_465251913667541_21869011_n.jpg?ig_cache_key=MTI1NjY3Njg5NDA2NTY0ODgxNA%3D%3D.2.l","2016-05-23 18:19:41","Life is better when you're RUNNING üëüüí´‚ú® #karitraa #kthappy #daretoplay #happierhealthierstronger #running #runnersworld #runshots #worlderunners #flying #summer #happy @karitraa üì∏ @masterdreamer","9","4","2","Normal","221564597"
"1256670847406802021","melissazxzx","https://www.instagram.com/p/BFwl3pDRYRl/","https://scontent.cdninstagram.com/t51.2885-15/s640x640/sh0.08/e35/13285235_193931347672905_630207629_n.jpg?ig_cache_key=MTI1NjY3MDg0NzQwNjgwMjAyMQ%3D%3D.2.l","2016-05-23 18:07:40","If I know I will die tomorrow, I can still learn something tonight. üôèüèæ","1","4","2","Juno","221564597"
"1256667846524512099","olgalapei","https://www.instagram.com/p/BFwlL-Qv6dj/","https://scontent.cdninstagram.com/t51.2885-15/s640x640/sh0.08/e35/13277698_1352035041479922_1495181768_n.jpg?ig_cache_key=MTI1NjY2Nzg0NjUyNDUxMjA5OQ%3D%3D.2.l","2016-05-23 18:01:42","üèôüí≠ #coffee #frappuccino #Starbucks #fav #Helsinki #happiness","0","4","0","Normal","221564597"
"1256663611333701900","pasi68","https://www.instagram.com/p/BFwkOV7tHEM/","https://scontent.cdninstagram.com/t51.2885-15/s640x640/sh0.08/e35/13183398_138285556584484_1456049023_n.jpg?ig_cache_key=MTI1NjY2MzYxMTMzMzcwMTkwMA%3D%3D.2","2016-05-23 17:53:18","Senaatintori #helsinkiofficial #helsinki #igershelsinki #igersfinland #tuomiokirkko #church #polamatic #helsinkicity","0","4","4","Normal","221564597"
"1256642178305798209","waynepoohpooh","https://www.instagram.com/p/BFwfWc3sLBB/","https://scontent.cdninstagram.com/t51.2885-15/s640x640/sh0.08/e35/13269481_1577372812555404_1809763101_n.jpg?ig_cache_key=MTI1NjY0MjE3ODMwNTc5ODIwOQ%3D%3D.2.l","2016-05-23 17:10:42","Day 7: Senate Square #helsinki #finland","0","4","0","Normal","221564597"
"1256598349999732933","klementina_a","https://www.instagram.com/p/BFwVYqlE3jF/","https://scontent.cdninstagram.com/t51.2885-15/e15/13256957_1022968594446896_1922659199_n.jpg?ig_cache_key=MTI1NjU5ODM0OTk5OTczMjkzMw%3D%3D.2","2016-05-23 15:43:38","Chilling in Helsinki","0","4","0","Normal","221564597"
"1256587863492307664","brian4habs","https://www.instagram.com/p/BFwTAEQhqrQ/","https://scontent.cdninstagram.com/t51.2885-15/s640x640/sh0.08/e35/13260909_1096808153726514_1305091163_n.jpg?ig_cache_key=MTI1NjU4Nzg2MzQ5MjMwNzY2NA%3D%3D.2","2016-05-23 15:22:48","Nice place to have a beer outside and soak up some rays","0","1","0","Normal","221564597"
"1256583040247958489","ilaydakocoglu","https://www.instagram.com/p/BFwR54QwovZ/","https://scontent.cdninstagram.com/t51.2885-15/e35/13109079_833593200118981_672161646_n.jpg?ig_cache_key=MTI1NjU4MzA0MDI0Nzk1ODQ4OQ%3D%3D.2","2016-05-23 15:13:13","None","0","4","0","Normal","221564597"
"1256570855926661602","masterdreamer","https://www.instagram.com/p/BFwPIkungHi/","https://scontent.cdninstagram.com/t51.2885-15/s640x640/sh0.08/e35/13108562_896023560543413_1733446859_n.jpg?ig_cache_key=MTI1NjU3MDg1NTkyNjY2MTYwMg%3D%3D.2.l","2016-05-23 14:49:00","Be stronger than your excuses. Model: @hannaropo_fitlife for @karitraa #karitraa #fit #fitness #woman #strong","11","4","2","Normal","221564597"
"1256561111453594638","throndhein","https://www.instagram.com/p/BFwM6xewvQO/","https://scontent.cdninstagram.com/t51.2885-15/s640x640/sh0.08/e35/13277776_1020822584640170_489972045_n.jpg?ig_cache_key=MTI1NjU2MTExMTQ1MzU5NDYzOA%3D%3D.2","2016-05-23 14:29:39","None","0","2","0","Normal","221564597"
"1256557036249911508","vinitthasiva","https://www.instagram.com/p/BFwL_eJsZDU/","https://scontent.cdninstagram.com/t51.2885-15/s640x640/sh0.08/e35/13297993_951170925000367_1808401647_n.jpg?ig_cache_key=MTI1NjU1NzAzNjI0OTkxMTUwOA%3D%3D.2.l","2016-05-23 14:21:33","Helsinki Cathedral
#finland #helsinki #finland2016 #finlandtrip üá´üáÆ","0","4","0","Skyline","221564597"
"1256544505304836737","foto_aleksandr","https://www.instagram.com/p/BFwJJHzKeqB/","https://scontent.cdninstagram.com/t51.2885-15/s640x640/sh0.08/e35/13167500_1151768551510427_286474639_n.jpg?ig_cache_key=MTI1NjU0NDUwNTMwNDgzNjczNw%3D%3D.2.l","2016-05-23 13:56:39","None","0","4","0","Sierra","221564597"
"1256531485473433125","jevgenija.samohhina","https://www.instagram.com/p/BFwGLqIvOYl/","https://scontent.cdninstagram.com/t51.2885-15/s640x640/sh0.08/e35/13116707_1758284184385400_1565374614_n.jpg?ig_cache_key=MTI1NjUzMTQ4NTQ3MzQzMzEyNQ%3D%3D.2","2016-05-23 13:30:47","#finland #helsinki #cathedral #architecture #—Ö–µ–ª—å—Å–∏–Ω–∫–∏ #—Ñ–∏–Ω–ª—è–Ω–¥–∏—è #—Å–æ–±–æ—Ä","0","4","0","Juno","221564597"
"1256525144960066667","traveldinestyle","https://www.instagram.com/p/BFwEvZEsORr/","https://scontent.cdninstagram.com/t51.2885-15/s640x640/sh0.08/e35/13285411_493815027486958_1380491897_n.jpg?ig_cache_key=MTI1NjUyNTE0NDk2MDA2NjY2Nw%3D%3D.2","2016-05-23 13:18:11","üá´üáÆüòéüì∏ #helsinki #instapic #instapic #sightseeing #finland #summertime #vacation #instatravel","0","4","2","Clarendon","221564597"
"1256521942818432344","schapov_nikita","https://www.instagram.com/p/BFwEAy2LSVY/","https://scontent.cdninstagram.com/t51.2885-15/s640x640/sh0.08/e35/13266657_1317185231629343_345930473_n.jpg?ig_cache_key=MTI1NjUyMTk0MjgxODQzMjM0NA%3D%3D.2.l","2016-05-23 13:11:49","None","0","4","2","Inkwell","221564597"
"1256490929002489212","olgarumynina","https://www.instagram.com/p/BFv89e-saV8/","https://scontent.cdninstagram.com/t51.2885-15/s640x640/sh0.08/e35/13108604_505687892966656_42201509_n.jpg?ig_cache_key=MTI1NjQ5MDkyOTAwMjQ4OTIxMg%3D%3D.2.l","2016-05-23 12:10:12","#–ø–ª–∞–≤–∞–ª–∏–∑–Ω–∞–µ–ºüö¢ #–æ–ª—è–∏–ø–æ–ª—è #—Ç–æ–ª–∫–∞—Ç—å–∑–µ–º–ª—é–Ω–æ–≥–∞–º–∏ üòùüëü –•–µ–ª—å—Å–∏–Ω–∫–∏ –≤—Å—Ç—Ä–µ—Ç–∏–ª —Ç—ë–ø–ª—ã–º —Å–æ–ª–Ω—ã—à–∫–æ–º‚òÄÔ∏è –∏ –ª–µ–≥–∫–∏–º –≤–µ—Ç–µ—Ä–∫–æ–º üå¨","0","4","0","Clarendon","221564597"
"1256475366818070495","gabrielegharab","https://www.instagram.com/p/BFv5bBkOD_f/","https://scontent.cdninstagram.com/t51.2885-15/s640x640/sh0.08/e35/13116726_1561266210835072_1035869021_n.jpg?ig_cache_key=MTI1NjQ3NTM2NjgxODA3MDQ5NQ%3D%3D.2.l","2016-05-23 11:39:17","#helsinki#finland#church#pic#picoftheday#blue#sky#white#clouds#gold#instagram#instalike#instadaily#follow4follow#follow#like4like#beautiful#place#takemeback#instagood#like @natgeotravel","0","4","0","Normal","221564597"
"1256467481492219027","fayham","https://www.instagram.com/p/BFv3oRyLGST/","https://scontent.cdninstagram.com/t51.2885-15/s640x640/sh0.08/e35/13257179_610186322480556_122004101_n.jpg?ig_cache_key=MTI1NjQ2NzQ4MTQ5MjIxOTAyNw%3D%3D.2","2016-05-23 11:23:37","Helsinki Senate Square Cathedral. #finland #helsinki #senate #cathedral","0","4","0","Clarendon","221564597"
"1256455691699949475","dominicplana","https://www.instagram.com/p/BFv08tryw-j/","https://scontent.cdninstagram.com/t51.2885-15/s640x640/sh0.08/e35/13269414_1724245374510853_1597279199_n.jpg?ig_cache_key=MTI1NjQ1NTY5MTY5OTk0OTQ3NQ%3D%3D.2","2016-05-23 11:00:12","None","0","4","0","Normal","221564597"
"1256432621702643165","jonnaajon","https://www.instagram.com/p/BFvvtAEzH3d/","https://scontent.cdninstagram.com/t51.2885-15/s640x640/sh0.08/e35/13266862_1167468833284562_975021186_n.jpg?ig_cache_key=MTI1NjQzMjYyMTcwMjY0MzE2NQ%3D%3D.2","2016-05-23 10:14:21","#Onaquest once again. Sun is shining and the weather is S-W-E-E-T ‚òÄÔ∏è like this #chocolatechipcookiedough #Questbar #MyQuest #Ambsdr #QuestSquad #Helsinki #Finland #Americasfavoriteproteinbar #proteinbar #Questnutrition @Questnutrition","0","4","1","Hudson","221564597"
"1256417730362074104","ettamelander","https://www.instagram.com/p/BFvsUTbu-P4/","https://scontent.cdninstagram.com/t51.2885-15/s640x640/sh0.08/e35/13261037_595334840626486_1448302287_n.jpg?ig_cache_key=MTI1NjQxNzczMDM2MjA3NDEwNA%3D%3D.2","2016-05-23 09:44:46","Helsinki! üòä #p√§√§sykokeet2016","0","4","0","Normal","221564597"
"1256406737870511840","vytenege","https://www.instagram.com/p/BFvp0V4Ld7g/","https://scontent.cdninstagram.com/t51.2885-15/s640x640/sh0.08/e35/13256978_135704560168933_1913944202_n.jpg?ig_cache_key=MTI1NjQwNjczNzg3MDUxMTg0MA%3D%3D.2.l","2016-05-23 09:22:56","üíù Helsinki!!! üíÉ‚úåüíïüç©üç¶üç¶üç¶#nofilter #love #Helsinki #inloveHelsinki #perfect #weather #for #walk #Finland #senatesquarehelsinki #travel #instatraveling #lovetravel #smile #happy","0","4","0","Normal","221564597"
"1256376364113160525","_origa_","https://www.instagram.com/p/BFvi6WHKWlN/","https://scontent.cdninstagram.com/t51.2885-15/s640x640/sh0.08/e35/13257057_1712793718975273_2101076309_n.jpg?ig_cache_key=MTI1NjM3NjM2NDExMzE2MDUyNQ%3D%3D.2","2016-05-23 08:22:35","#helsinki#finland#friends#sun#cloud#russia#spb#weekend#spring#church#scandinavia","0","4","0","Lark","221564597"
"1256368820707726571","tobascony","https://www.instagram.com/p/BFvhMkxKRTr/","https://scontent.cdninstagram.com/t51.2885-15/s640x640/sh0.08/e35/13267554_962538417199658_1169257596_n.jpg?ig_cache_key=MTI1NjM2ODgyMDcwNzcyNjU3MQ%3D%3D.2","2016-05-23 08:07:36","Arrived in Helsinki after a 3 plus hour ride from St. Petersburg.","0","4","0","Normal","221564597"
"1256333031107733057","bettykoira","https://www.instagram.com/p/BFvZDxGxCZB/","https://scontent.cdninstagram.com/t51.2885-15/s640x640/sh0.08/e35/10890768_1186067111425996_799855872_n.jpg?ig_cache_key=MTI1NjMzMzAzMTEwNzczMzA1Nw%3D%3D.2.l","2016-05-23 06:56:29","Yesterday mom took me to see the sights in the city and took the most embarrasing tourist pics all the time #tourist#helsinki#finland#cute#puppy#dog#dachshund#dachshundsofinstagram#dogsofinstagram#puppiesofinstagram#puppylove#dogstagram#puppygram#m√§yr√§koira#doxie#instadog#instapuppy#instapet#weinerdog#sausagedog#ilovemydog","0","4","2","Mayfair","221564597"
"1256296064571839173","roxyeats","https://www.instagram.com/p/BFvQp1VhpLF/","https://scontent.cdninstagram.com/t51.2885-15/s640x640/sh0.08/e35/13266647_1640965132894349_2068637381_n.jpg?ig_cache_key=MTI1NjI5NjA2NDU3MTgzOTE3Mw%3D%3D.2","2016-05-23 05:43:03","#monday #backtowork #throwbackto having #coffee at #Helsinki #senatesquare #cafeengel #igershelsinki #igersvienna #instadaily #coffeeaddict #coffeelover #foodblogger #travelblogger","0","4","0","Normal","221564597"
"1256261464898595769","hannes_poika","https://www.instagram.com/p/BFvIyV4Suu5/","https://scontent.cdninstagram.com/t51.2885-15/s640x640/sh0.08/e35/13269519_274433066235159_1711693137_n.jpg?ig_cache_key=MTI1NjI2MTQ2NDg5ODU5NTc2OQ%3D%3D.2","2016-05-23 04:34:18","Olinpa perjantaina √§idin kanssa keskustaa kiertelem√§ss√§ <3","0","4","0","Normal","221564597"
"1256256517742023671","jaystruction","https://www.instagram.com/p/BFvHqWeyFP3/","https://scontent.cdninstagram.com/t51.2885-15/s640x640/sh0.08/e35/13259138_282131785459608_786308976_n.jpg?ig_cache_key=MTI1NjI1NjUxNzc0MjAyMzY3MQ%3D%3D.2","2016-05-23 04:24:28","En voi hyvin #turpaa tuli mut world cuppii ootelles! #2hy√∂unilla #tiredaf congratulations Team Canada!","0","4","0","Moon","221564597"
"1256099030682375129","zadorozhnaiairina","https://www.instagram.com/p/BFuj2nOiRPZ/","https://scontent.cdninstagram.com/t51.2885-15/s640x640/sh0.08/e35/13277529_1177641318927474_2004952223_n.jpg?ig_cache_key=MTI1NjA5OTAzMDY4MjM3NTEyOQ%3D%3D.2.l","2016-05-22 23:11:34","None","0","4","1","Lark","221564597"
"1256069071419113231","mr.rightt","https://www.instagram.com/p/BFudCpfSn8P/","https://scontent.cdninstagram.com/l/t51.2885-15/s640x640/sh0.08/e35/13267377_1097918920230688_1790467525_n.jpg?ig_cache_key=MTI1NjA2OTA3MTQxOTExMzIzMQ%3D%3D.2.l","2016-05-22 22:12:03","Ìï¥Í∞Ä ÏßÄÏßàÏïäÎäîÎã§ Î∞±Ïïº. #carlengel #finnish #neoclassical #cathedral #whitenight #tuomiokirkko  #helsinki","0","4","2","Crema","221564597"
"1256062815662119864","igor.mikhailov","https://www.instagram.com/p/BFubnnXHhu4/","https://scontent.cdninstagram.com/t51.2885-15/s640x640/sh0.08/e35/13267459_569273383233996_1405564972_n.jpg?ig_cache_key=MTI1NjA2MjgxNTY2MjExOTg2NA%3D%3D.2","2016-05-22 21:59:37","Sightseeing. #detailsofhelsinki #helsinki #helsinkiofficial #finland","0","4","0","Normal","221564597"
"1256050079950965746","pinskuuup","https://www.instagram.com/p/BFuYuSTlAvy/","https://scontent.cdninstagram.com/t51.2885-15/s640x640/sh0.08/e35/13285244_1747078362170947_641805775_n.jpg?ig_cache_key=MTI1NjA1MDA3OTk1MDk2NTc0Ng%3D%3D.2","2016-05-22 21:34:19","olispa jo 6.7 tai jotai #missingthem#internetfriends#directioners","4","4","4","Normal","221564597"
"1256042625950561420","kallionstallion","https://www.instagram.com/p/BFuXB0OiDSM/","https://scontent.cdninstagram.com/t51.2885-15/s640x640/sh0.08/e35/13248844_879169202211016_837591831_n.jpg?ig_cache_key=MTI1NjA0MjYyNTk1MDU2MTQyMA%3D%3D.2","2016-05-22 21:19:30","#Helsinki","0","4","0","Normal","221564597"
"1256030876767214548","bambalwa","https://www.instagram.com/p/BFuUW18odvU/","https://scontent.cdninstagram.com/t51.2885-15/s320x320/e35/13285265_482695271918951_543893122_n.jpg?ig_cache_key=MTI1NjAzMDg3Njc2NzIxNDU0OA%3D%3D.2","2016-05-22 20:56:10","#2013#Finland#Helsinki","0","3","0","Clarendon","221564597"
"1256018680412225155","dennunu","https://www.instagram.com/p/BFuRlXNOb6D/","https://scontent.cdninstagram.com/t51.2885-15/s640x640/sh0.08/e35/13257176_792511000885016_385662385_n.jpg?ig_cache_key=MTI1NjAxODY4MDQxMjIyNTE1NQ%3D%3D.2","2016-05-22 20:31:56","Miten meni Leijonat?
- Ihan 9/10.","0","4","0","Normal","221564597"
"1256003821635508764","igor.mikhailov","https://www.instagram.com/p/BFuONI5Hhoc/","https://scontent.cdninstagram.com/t51.2885-15/s640x640/sh0.08/e35/13183348_266596180357765_1422630_n.jpg?ig_cache_key=MTI1NjAwMzgyMTYzNTUwODc2NA%3D%3D.2","2016-05-22 20:02:24","Crossroads III #helsinkiofficial #helsinki #detailsofhelsinki","0","4","0","Normal","221564597"
"1256003358391409153","igor.mikhailov","https://www.instagram.com/p/BFuOGZdnhoB/","https://scontent.cdninstagram.com/t51.2885-15/s640x640/sh0.08/e35/13102393_188089994919724_1087634371_n.jpg?ig_cache_key=MTI1NjAwMzM1ODM5MTQwOTE1Mw%3D%3D.2","2016-05-22 20:01:29","Crossroads II #helsinkiofficial #helsinki #detailsofhelsinki","0","4","0","Normal","221564597"
"1256002508549921236","igor.mikhailov","https://www.instagram.com/p/BFuN6B_HhnU/","https://scontent.cdninstagram.com/t51.2885-15/s640x640/sh0.08/e35/13259486_237133709991764_1969308309_n.jpg?ig_cache_key=MTI1NjAwMjUwODU0OTkyMTIzNg%3D%3D.2","2016-05-22 19:59:48","Crossroads I #helsinki #helsinkiofficial #rails","0","4","0","Normal","221564597"
"1255955097446205130","sweetie_red_cherry","https://www.instagram.com/p/BFuDIG9H0bK/","https://scontent.cdninstagram.com/t51.2885-15/s640x640/sh0.08/e35/13267550_996050487115089_1802294863_n.jpg?ig_cache_key=MTI1NTk1NTA5NzQ0NjIwNTEzMA%3D%3D.2.l","2016-05-22 18:25:36","It looks like, but it is not a shampoo commercial... it's just the wind not helping me!

#helsinki #touristday #tourist #springtime #sunday #sun #wind #longhair","0","4","0","Normal","221564597"
"1255948921138902997","marleenlippmaa","https://www.instagram.com/p/BFuBuO0hPfV/","https://scontent.cdninstagram.com/t51.2885-15/s640x640/sh0.08/e35/13266827_1150445595018880_1109324003_n.jpg?ig_cache_key=MTI1NTk0ODkyMTEzODkwMjk5Nw%3D%3D.2","2016-05-22 18:13:20","Finlandüá´üáÆüá´üáÆ","0","4","0","Gingham","221564597"
"1255937007447522880","matkalauluja","https://www.instagram.com/p/BFt_A3VLT5A/","https://scontent.cdninstagram.com/t51.2885-15/s640x640/sh0.08/e35/13260996_461959123977874_868985906_n.jpg?ig_cache_key=MTI1NTkzNzAwNzQ0NzUyMjg4MA%3D%3D.2","2016-05-22 17:49:40","Maija Vilkkumaa @ Senaatintori, 31.12.2015
#MaijaVilkkumaa #Senaatintori #Helsinki #311215 #senaatintorinuusivuosi #Kissavideoita #yll√§tyskyykky","0","4","0","Normal","221564597"
"1255934850616108971","juicyjaey","https://www.instagram.com/p/BFt-heoAaer/","https://scontent.cdninstagram.com/t51.2885-15/s640x640/sh0.08/e35/13260885_524776464372796_963698983_n.jpg?ig_cache_key=MTI1NTkzNDg1MDYxNjEwODk3MQ%3D%3D.2.l","2016-05-22 17:45:22","#helsinkicathedral","0","2","0","Valencia","221564597"
"1255920153511264932","uippa93","https://www.instagram.com/p/BFt7Lm4SwKk/","https://scontent.cdninstagram.com/t51.2885-15/s640x640/sh0.08/e35/13108707_889551087820154_1524765253_n.jpg?ig_cache_key=MTI1NTkyMDE1MzUxMTI2NDkzMg%3D%3D.2.l","2016-05-22 17:16:10","Hei Helsinki! üá´üáÆ #day7#helsinki#finland","0","4","4","Normal","221564597"
"1255919084666406410","triyasanti","https://www.instagram.com/p/BFt68DcLMYK/","https://scontent.cdninstagram.com/t51.2885-15/s640x640/sh0.08/e35/13266757_1637067953285259_1953498330_n.jpg?ig_cache_key=MTI1NTkxOTA4NDY2NjQwNjQxMA%3D%3D.2.l","2016-05-22 17:14:03","Helloworldüòçüòçüòç #helloworld #visitfinland #visithelsinki 
#spring #family","0","4","0","Juno","221564597"
"1255916754763211520","big_sash","https://www.instagram.com/p/BFt6aJjH2MA/","https://scontent.cdninstagram.com/t51.2885-15/s640x640/sh0.08/e35/13266846_131060957300384_1408253905_n.jpg?ig_cache_key=MTI1NTkxNjc1NDc2MzIxMTUyMA%3D%3D.2","2016-05-22 17:09:25","Die Boyband #neuescover #Helsinki","2","4","0","Normal","221564597"
"1255913666748639522","precyannbaculad","https://www.instagram.com/p/BFt5tNnHGki/","https://scontent.cdninstagram.com/t51.2885-15/s640x640/sh0.08/e35/13181339_1061382163950661_848128799_n.jpg?ig_cache_key=MTI1NTkxMzY2Njc0ODYzOTUyMg%3D%3D.2.l","2016-05-22 17:03:17","@Helsinki senate square
#finland #hilsinki #travel #adventure #travelgram #moments#ilovehelsinki","0","4","0","Normal","221564597"
"1255902134988136494","big_sash","https://www.instagram.com/p/BFt3FZ0n2Au/","https://scontent.cdninstagram.com/t51.2885-15/s640x640/sh0.08/e35/13285466_1155571344507265_214185584_n.jpg?ig_cache_key=MTI1NTkwMjEzNDk4ODEzNjQ5NA%3D%3D.2","2016-05-22 16:40:22","#helsinki what great place to be üòé #cosmoprolet #globaltrottel","2","4","0","Normal","221564597"
"1255897250596247784","martin_wsky","https://www.instagram.com/p/BFt1-U4Ldjo/","https://scontent.cdninstagram.com/t51.2885-15/s640x640/sh0.08/e35/13267445_1696325060633370_1649281381_n.jpg?ig_cache_key=MTI1NTg5NzI1MDU5NjI0Nzc4NA%3D%3D.2","2016-05-22 16:30:40","Helsinki ist der absolute Wahnsinn!#BleibenHier #Sweden #CosmoProlet #Globaltrottel","2","4","3","Clarendon","221564597"
"1255891507579049218","olyatrotskaya","https://www.instagram.com/p/BFt0qwRrdUC/","https://scontent.cdninstagram.com/t51.2885-15/s640x640/sh0.08/e35/13266847_557506561118801_1552386455_n.jpg?ig_cache_key=MTI1NTg5MTUwNzU3OTA0OTIxOA%3D%3D.2","2016-05-22 16:19:16","None","0","4","0","Normal","221564597"
"1255844645516531271","twinklechevelle","https://www.instagram.com/p/BFtqA0lFtZH/","https://scontent.cdninstagram.com/t51.2885-15/s640x640/sh0.08/e35/13181518_1029284930439936_857457481_n.jpg?ig_cache_key=MTI1NTg0NDY0NTUxNjUzMTI3MQ%3D%3D.2","2016-05-22 14:46:09","Senate Square üåü #Helsinki #Finland #Suomi #senate #square #senaatintori #hanseaticcity #beautiful #amazing #white #building #stairs #blue #sky #people #memories #trip #travel #love #globetrotter üåç","0","4","0","Normal","221564597"
"1255841644713624682","sasha_koshka","https://www.instagram.com/p/BFtpVJ3TERq/","https://scontent.cdninstagram.com/t51.2885-15/s640x640/sh0.08/e35/13267593_1085006868204047_1111657194_n.jpg?ig_cache_key=MTI1NTg0MTY0NDcxMzYyNDY4Mg%3D%3D.2.l","2016-05-22 14:40:11","–ö–∞–∫ –∂–µ –Ω–∞–º –ø–æ–≤–µ–∑–ª–æ —Å –ø–æ–≥–æ–¥–æ–πüå§#tripfinka #helsinki #finland #vsco #vscoeurope","0","4","0","Normal","221564597"
"1255837777687726960","milkakortet","https://www.instagram.com/p/BFtoc4al8tw/","https://scontent.cdninstagram.com/t51.2885-15/s640x640/sh0.08/e35/13249785_564859293694947_626227910_n.jpg?ig_cache_key=MTI1NTgzNzc3NzY4NzcyNjk2MA%3D%3D.2","2016-05-22 14:32:30","Brunch - Restaurant Sunn - suosittelen üòä #brunch #restaurantsunn #senaatintori #visthelsinki #hyv√§ruokaparempimieli","0","3","0","Moon","221564597"
"1255836506243972983","emmannamatilda","https://www.instagram.com/p/BFtoKYSo793/","https://scontent.cdninstagram.com/t51.2885-15/s640x640/sh0.08/e35/13249888_824368824335808_99126017_n.jpg?ig_cache_key=MTI1NTgzNjUwNjI0Mzk3Mjk4Mw%3D%3D.2","2016-05-22 14:29:59","It's 11pm and still light üòé #finnishsummernight #eveningwalk #timetoenjoyfinland #touristinyourowncity #favoritespot #helsinki","0","4","0","Normal","221564597"
"1255784732838059286","pondswald","https://www.instagram.com/p/BFtcY-jK90W/","https://scontent.cdninstagram.com/t51.2885-15/s640x640/sh0.08/e35/13249738_1035301003223806_523701986_n.jpg?ig_cache_key=MTI1NTc4NDczMjgzODA1OTI4Ng%3D%3D.2","2016-05-22 12:47:07","Ders √ßalƒ±≈ümak yerine yapƒ±lan #throwback, √ßok mantƒ±klƒ± deƒüil mi sizce de?","0","4","4","Sierra","221564597"
"1255783931397772191","lobodzynska","https://www.instagram.com/p/BFtcNUJm5Of/","https://scontent.cdninstagram.com/t51.2885-15/s640x640/sh0.08/e35/13269331_240159533023514_788559776_n.jpg?ig_cache_key=MTI1NTc4MzkzMTM5Nzc3MjE5MQ%3D%3D.2.l","2016-05-22 12:45:32","#lobodzynskyytrip #Helsinki #Finnland #weekend #niceday #happy üá´üáÆ","0","4","0","Normal","221564597"
"1255782715820231435","lobodzynskyy","https://www.instagram.com/p/BFtb7oDiksL/","https://scontent.cdninstagram.com/t51.2885-15/s640x640/sh0.08/e35/13269583_1104600236247929_1618784465_n.jpg?ig_cache_key=MTI1NTc4MjcxNTgyMDIzMTQzNQ%3D%3D.2.l","2016-05-22 12:43:07","#lobodzynskyytrip #helsingfors","1","4","2","Normal","221564597"
"1255781900431889230","lobodzynska","https://www.instagram.com/p/BFtbvwqm5NO/","https://scontent.cdninstagram.com/t51.2885-15/s640x640/sh0.08/e35/13267489_1622026934790694_1231790660_n.jpg?ig_cache_key=MTI1NTc4MTkwMDQzMTg4OTIzMA%3D%3D.2.l","2016-05-22 12:41:29","#lobodzynskyytrip #Helsinki #weekend üá´üáÆ","0","4","0","Normal","221564597"
"1255781446061804250","lobodzynskyy","https://www.instagram.com/p/BFtbpJgCkra/","https://scontent.cdninstagram.com/t51.2885-15/s640x640/sh0.08/e35/13260830_1729685353941543_1247705944_n.jpg?ig_cache_key=MTI1NTc4MTQ0NjA2MTgwNDI1MA%3D%3D.2.l","2016-05-22 12:40:35","#lobodzynskyytrip #helsinki","0","4","0","Normal","221564597"
"1255768996075307483","emiflora","https://www.instagram.com/p/BFtYz-jBIHb/","https://scontent.cdninstagram.com/t51.2885-15/s640x640/sh0.08/e35/13259652_273468306330491_1353110029_n.jpg?ig_cache_key=MTI1NTc2ODk5NjA3NTMwNzQ4Mw%3D%3D.2","2016-05-22 12:15:51","‚ú®‚ú® #sundaymood","0","4","4","Normal","221564597"
"1255758758496285425","massimousai","https://www.instagram.com/p/BFtWfADwbLx/","https://scontent.cdninstagram.com/t51.2885-15/s640x640/sh0.08/e35/13266938_1707001212894748_1917229511_n.jpg?ig_cache_key=MTI1NTc1ODc1ODQ5NjI4NTQyNQ%3D%3D.2","2016-05-22 11:55:31","#Helsinki #Finland #travel #Europe #instagram #cathedral #white #faith #instafollow #instacool #instagood #cool #photooftheday #pic #picoftheday","0","4","0","Mayfair","221564597"
"1255745887955358186","milazzonx","https://www.instagram.com/p/BFtTjtbvJHq/","https://scontent.cdninstagram.com/t51.2885-15/s640x640/sh0.08/e35/13256642_1097026730362561_784126073_n.jpg?ig_cache_key=MTI1NTc0NTg4Nzk1NTM1ODE4Ng%3D%3D.2","2016-05-22 11:29:56","Vielleicht doch mal etwas auf touri tun #wegenderbildungoderso","0","4","0","Crema","221564597"
"1255738361159846378","jennajuulia","https://www.instagram.com/p/BFtR2Ljw4nq/","https://scontent.cdninstagram.com/t51.2885-15/s640x640/sh0.08/e35/13249725_1001092056654517_1314007935_n.jpg?ig_cache_key=MTI1NTczODM2MTE1OTg0NjM3OA%3D%3D.2.l","2016-05-22 11:14:59","#sundayfunday with the fam‚òÄÔ∏è #summerlove #happiness #coffeebreak #powerwalk","2","4","0","Normal","221564597"
"1255696382308988460","tindralang","https://www.instagram.com/p/BFtITTtRTYs/","https://scontent.cdninstagram.com/t51.2885-15/s640x640/sh0.08/e35/13267344_563079397208381_1426161338_n.jpg?ig_cache_key=MTI1NTY5NjM4MjMwODk4ODQ2MA%3D%3D.2.l","2016-05-22 09:51:35","P√• √§ventyr i Helsiki","0","4","1","Ludwig","221564597"
"1255689557268556069","flovi12","https://www.instagram.com/p/BFtGv_ZKOkl/","https://scontent.cdninstagram.com/t51.2885-15/s640x640/sh0.08/e35/13260927_1032573080145276_1866468059_n.jpg?ig_cache_key=MTI1NTY4OTU1NzI2ODU1NjA2OQ%3D%3D.2","2016-05-22 09:38:01","–ì–æ—Ä–æ–¥, –ø–æ –ø—Ä–∏–µ–∑–¥—É –≤ –∫–æ—Ç–æ—Ä—ã–π, –∫–∞–∂–¥—ã–π —Ä–∞–∑  —Ö–æ—á–µ—Ç—Å—è –Ω–µ–º–µ–¥–ª–µ–Ω–Ω–æ –ø–µ—Ä–µ–µ—Ö–∞—Ç—å —Å—é–¥–∞ –∂–∏—Ç—å..üòª#–•–µ–ª—å—Å–∏–Ω–∫–∏#–§–∏–Ω–ª—è–Ω–¥–∏—è#—ç—Ç–æ—Ç–≥–æ—Ä–æ–¥—Å–∞–º—ã–π–ª—É—á—à–∏–π–≥–æ—Ä–æ–¥–Ω–∞–∑–µ–º–ª–µ#Finland#Helsinki#Suomi#happyme","0","4","2","Lark","221564597"
"1255687411560889468","alibator","https://www.instagram.com/p/BFtGQxDBDx8/","https://scontent.cdninstagram.com/t51.2885-15/s640x640/sh0.08/e35/13259127_256300311425287_922770189_n.jpg?ig_cache_key=MTI1NTY4NzQxMTU2MDg4OTQ2OA%3D%3D.2","2016-05-22 09:33:45","time to say goodbye... üòîüòîüòî #helsinki #finland","0","4","0","Clarendon","221564597"
"1255675799515799877","bmohajeri","https://www.instagram.com/p/BFtDnyfMaFF/","https://scontent.cdninstagram.com/t51.2885-15/s640x640/sh0.08/e35/13259132_618943351608255_1587851590_n.jpg?ig_cache_key=MTI1NTY3NTc5OTUxNTc5OTg3Nw%3D%3D.2","2016-05-22 09:10:41","A snapshot from the beautiful Cathedral. #helsinki  #Senate Square #Cathedral #summer2016 #beautiful","0","4","0","Perpetua","221564597"
"1255645448967978838","karimuhonen","https://www.instagram.com/p/BFs8uIVkn9W/","https://scontent.cdninstagram.com/t51.2885-15/s640x640/sh0.08/e35/13256984_1717458535180341_1050898750_n.jpg?ig_cache_key=MTI1NTY0NTQ0ODk2Nzk3ODgzOA%3D%3D.2","2016-05-22 08:10:23","None","0","4","0","Normal","221564597"
"1255623583198111337","itelllies","https://www.instagram.com/p/BFs3v8QIGZp/","https://scontent.cdninstagram.com/t51.2885-15/s640x640/sh0.08/e35/13267612_1709550045981625_1546873253_n.jpg?ig_cache_key=MTI1NTYyMzU4MzE5ODExMTMzNw%3D%3D.2","2016-05-22 07:26:56","None","0","4","0","Clarendon","221564597"
"1255598028296566073","rainybarcelona","https://www.instagram.com/p/BFsx8EZTDU5/","https://scontent.cdninstagram.com/t51.2885-15/s640x640/sh0.08/e35/13187978_551925354987369_857142791_n.jpg?ig_cache_key=MTI1NTU5ODAyODI5NjU2NjA3Mw%3D%3D.2","2016-05-22 06:36:10","Helsinki Finland 
#Î∂ÅÏú†ÎüΩ #Ïú†ÎüΩÏó¨Ìñâ #Ïú†ÎüΩ #Ïó¨Ìñâ #ÌïÄÎûÄÎìú #travel #travelling #helsinki #finland #üá´üáÆ","0","4","0","Normal","221564597"
"1255593927640140382","auerlaakso","https://www.instagram.com/p/BFsxAZXIMpe/","https://scontent.cdninstagram.com/t51.2885-15/s640x640/sh0.08/e35/13108897_258844997837865_949294552_n.jpg?ig_cache_key=MTI1NTU5MzkyNzY0MDE0MDM4Mg%3D%3D.2.l","2016-05-22 06:28:01","El√§m√§. #vscocam #life #throwback #yht√§√§nhuikkaaeiehdittyottaa #broken #ripinpieces #viinisuositus #sunnuntai #tuomiokirkko #kirjaimellisesti #taidekuvastaael√§m√§√§","0","4","1","Moon","221564597"
"1255574288063661423","xoamysnordic","https://www.instagram.com/p/BFssimlJgVv/","https://scontent.cdninstagram.com/l/t51.2885-15/s640x640/sh0.08/e35/13267342_1295038287191530_159609088_n.jpg?ig_cache_key=MTI1NTU3NDI4ODA2MzY2MTQyMw%3D%3D.2.l","2016-05-22 05:49:00","All white üí≠ #ootd #allwhite #datenight #preppystyle","0","4","1","Gingham","221564597"
"1255567624321810805","athma08","https://www.instagram.com/p/BFsrBofLsF1/","https://scontent.cdninstagram.com/t51.2885-15/s640x640/sh0.08/e35/13249783_253721604984978_256200609_n.jpg?ig_cache_key=MTI1NTU2NzYyNDMyMTgxMDgwNQ%3D%3D.2","2016-05-22 05:35:46","None","0","3","0","Normal","221564597"
"1255447732146015654","fredrikfuru","https://www.instagram.com/p/BFsPw-Mog2m/","https://scontent.cdninstagram.com/t51.2885-15/s640x640/sh0.08/e35/13151362_866337146827850_1876554253_n.jpg?ig_cache_key=MTI1NTQ0NzczMjE0NjAxNTY1NA%3D%3D.2","2016-05-22 01:37:33","Det √§r n√•t best√§mt vackert med morgonrodnad... #helsingfors #sommar","0","4","2","Mayfair","221564597"
"1255418855083134635","kati_basy","https://www.instagram.com/p/BFsJMwVjs6r/","https://scontent.cdninstagram.com/t51.2885-15/s640x640/sh0.08/e35/13256637_769526296517433_364167726_n.jpg?ig_cache_key=MTI1NTQxODg1NTA4MzEzNDYzNQ%3D%3D.2.l","2016-05-22 00:40:11","Selfe ‚úåüèºÔ∏è#instagram#instasize#—ç—Ç–æ–≤–µ—Å–Ω–∞#helsinki#weekend#basy","0","4","0","Normal","221564597"
"1255390089736242420","chrnmrsk_j","https://www.instagram.com/p/BFsCqKhRkT0/","https://scontent.cdninstagram.com/t51.2885-15/s640x640/sh0.08/e35/13109125_283813381951925_1776978476_n.jpg?ig_cache_key=MTI1NTM5MDA4OTczNjI0MjQyMA%3D%3D.2","2016-05-21 23:43:02","–ë–æ–ª—å—à–∏–Ω—Å—Ç–≤—É —Å–≤–æ–∏—Ö –ø–æ–µ–∑–¥–æ–∫ —è –æ–±—è–∑–∞–Ω–∞ –∏—Å–∫–ª—é—á–∏—Ç–µ–ª—å–Ω–æ —Ä–æ–¥–∏—Ç–µ–ª—è–º, –∑–∞ —á—Ç–æ —è –∏–º –Ω–µ–≤–µ—Ä–æ—è—Ç–Ω–æ –±–ª–∞–≥–æ–¥–∞—Ä–Ω–∞‚ù§Ô∏è
–û–¥–Ω–∞–∫–æ –µ—Å—Ç—å –º–µ—Å—Ç–∞, –≤ –∫–æ—Ç–æ—Ä—ã—Ö –º–Ω–µ —É–¥–∞–ª–æ—Å—å –ø–æ–±—ã–≤–∞—Ç—å –±–µ–∑ –∏—Ö –º–∞—Ç–µ—Ä–∏–∞–ª—å–Ω–æ–π –ø–æ–¥–¥–µ—Ä–∂–∫–∏.
–ù–∞—á–Ω—É, –ø–æ–∂–∞–ª—É–π —Å –•–µ–ª—å—Å–∏–Ω–∫–∏ üá´üáÆ
–í 2014 –≥–æ–¥—É –æ–¥–∏–Ω –∏–∑ –º–æ–∏—Ö –æ–¥–Ω–æ–∫–ª–∞—Å—Å–Ω–∏–∫–æ–≤ –ø—Ä–µ–¥–ª–æ–∂–∏–ª –ø–æ—É—á–∞—Å—Ç–≤–æ–≤–∞—Ç—å –≤ –∫–æ–Ω–∫—É—Ä—Å–µ ""–ë–∏—Ç–≤–∞ –∫–ª–∞—Å—Å–æ–≤"" –æ—Ç @st_peterline, –ø–æ–±–µ–¥–∏—Ç–µ–ª–∏ –∫–æ—Ç–æ—Ä–æ–≥–æ –æ—Ç–ø—Ä–∞–≤–ª—è–ª–∏—Å—å –Ω–∞ ""#PrincessMaria –≤ —Å—Ç–æ–ª–∏—Ü—É –§–∏–Ω–ª—è–Ω–¥–∏–∏ üõ≥ 
–ó–∞–¥–∞—á–µ–π –∫–æ–Ω–∫—É—Ä—Å–∞ –±—ã–ª–æ —Å—Ñ–æ—Ç–æ–≥—Ä–∞—Ñ–∏—Ä–æ–≤–∞—Ç—å—Å—è –∫–ª–∞—Å—Å–æ–º (–æ—Ç 10 —á–µ–ª–æ–≤–µ–∫ –Ω–∞ —Ñ–æ—Ç–æ–≥—Ä–∞—Ñ–∏–∏), –ø—Ä–∏–¥–∞–≤ —Ñ–æ—Ç–æ–≥—Ä–∞—Ñ–∏–∏ –æ—Ä–∏–≥–∏–Ω–∞–ª—å–Ω–æ—Å—Ç–∏, –∏ –Ω–∞–ø–∏—Å–∞—Ç—å –ø–æ—á–µ–º—É –∏–º–µ–Ω–Ω–æ –º—ã –¥–æ–ª–∂–Ω—ã –æ—Ç–ø—Ä–∞–≤–∏—Ç—å—Å—è –≤ –ø—É—Ç–µ—à–µ—Å—Ç–≤–∏–µ. 
–¢—è–Ω—É–≤ –¥–æ –ø—Ä–µ–¥–ø–æ—Å–ª–µ–¥–Ω–µ–≥–æ –¥–Ω—è, –±–µ—Ä–µ–∂–Ω–æ —Ö—Ä–∞–Ω—è –Ω–∞—à—É –∏–¥–µ—é, –º—ã –≤—ã–ª–æ–∂–∏–ª–∏ —Ñ–æ—Ç–æ, —Å –º–æ—Ä—Å–∫–æ–π —Ç–µ–º–∞—Ç–∏–∫–æ–π, —Ç–µ–º —Å–∞–º—ã–º –ø–æ–∫–∞–∑–∞–≤, —á—Ç–æ ""–ú—ã –≥–æ—Ç–æ–≤—ã –ø–æ–∫–æ—Ä—è—Ç—å –º–æ—Ä—è""! –ù–∞—à–µ —Ñ–æ—Ç–æ –∑–∞–Ω—è–ª–æ –ø–µ—Ä–≤–æ–µ –º–µ—Å—Ç–æüèÜ
–ü—Ä–∞–≤–¥–∞ –•–µ–ª—å—Å–∏–Ω–∫–∏ –º–Ω–µ –ø–æ–∫–∞–∑–∞–ª—Å—è –¥–æ–≤–æ–ª—å–Ω–æ —Å–∫—É—á–Ω—ã–º –≥–æ—Ä–æ–¥–æ–º. –ë–æ–ª—å—à–µ –≤—Å–µ–≥–æ –∑–∞ —ç—Ç—É –ø–æ–µ–∑–¥–∫—É –º–Ω–µ –∫–∞–∫ —Ä–∞–∑ –ø–æ–Ω—Ä–∞–≤–∏–ª–∏—Å—å –¥–≤–µ –Ω–æ—á–∏ –Ω–∞ –ø–∞—Ä–æ–º–µ üôàüòÇüçæ","0","4","1","Lo-fi","221564597"
"1255357881247900911","lumoanstories","https://www.instagram.com/p/BFr7VeBxKTv/","https://scontent.cdninstagram.com/t51.2885-15/s640x640/sh0.08/e35/13257120_1393886437304232_1101934104_n.jpg?ig_cache_key=MTI1NTM1Nzg4MTI0NzkwMDkxMQ%3D%3D.2","2016-05-21 22:39:02","T√§m√§n p√§iv√§n ty√∂t tehty #torikorttelit #y√∂llinenpy√∂r√§retki #kohtikotia #zzz","0","4","0","Normal","221564597"
"1255303135833202500","eetupuntari","https://www.instagram.com/p/BFru40YxZ9E/","https://scontent.cdninstagram.com/t51.2885-15/s640x640/sh0.08/e35/13248949_1015763841840964_428062988_n.jpg?ig_cache_key=MTI1NTMwMzEzNTgzMzIwMjUwMA%3D%3D.2","2016-05-21 20:50:16","Torilla tavataan #stationjokela","1","4","1","Juno","221564597"
"1255250399813286881","vennivesa","https://www.instagram.com/p/BFri5aJCbvh/","https://scontent.cdninstagram.com/t51.2885-15/s640x640/sh0.08/e35/13256786_1704336316506998_73195120_n.jpg?ig_cache_key=MTI1NTI1MDM5OTgxMzI4Njg4MQ%3D%3D.2.l","2016-05-21 19:05:30","‚òÄÔ∏èüèô","3","4","4","Normal","221564597"
"1255249168157840946","jaakkopel","https://www.instagram.com/p/BFrinfEpxYy/","https://scontent.cdninstagram.com/t51.2885-15/s640x640/sh0.08/e35/13116843_1771267423107636_523088377_n.jpg?ig_cache_key=MTI1NTI0OTE2ODE1Nzg0MDk0Ng%3D%3D.2.l","2016-05-21 19:03:03","Promotion bud #mates","1","4","1","Normal","221564597"
"1255247498520483435","svetlana_chekalova","https://www.instagram.com/p/BFriPMGgtZr/","https://scontent.cdninstagram.com/t51.2885-15/s640x640/sh0.08/e35/12093563_1549649782006263_2019323919_n.jpg?ig_cache_key=MTI1NTI0NzQ5ODUyMDQ4MzQzNQ%3D%3D.2","2016-05-21 18:59:44","–ù–µ, —è –Ω–µ –∏–Ω—Å—Ç–∞–≥—Ä–∞–º–º–µ—Ä üòÇüòÇüòÇ, –∏–Ω–∞—á–µ —Ç—É—Ç –±—ã–ª–∞ –±—ã –ø–æ–¥–±–æ—Ä–∫–∞ –≤—Å—è–∫–∏—Ö –≤–∫—É—Å–Ω–æ—Å—Ç–µ–π, –∫–æ—Ç–æ—Ä—ã–µ –º—ã —Å–µ–≥–æ–¥–Ω—è –ø–æ–ø—Ä–æ–±–æ–≤–∞–ª–∏ –∏ –º–Ω–æ–≥–æ–µ –¥—Ä—É–≥–æ–µ...üôà –°–µ–≥–æ–¥–Ω—è –∂ —Ä–µ—Å—Ç–æ—Ä–∞–Ω–Ω—ã–π –¥–µ–Ω—å. –ê –ø–æ–≥–æ–¥–∞ —Ç–æ.... –∞—Ö—Ö—Ö—Ö. –í–æ–æ–±—â–µ–º –∏–∑—É–º–∏—Ç–µ–ª—å–Ω—ã–π –¥–µ–Ω—å! üå∏‚òÄÔ∏è p.s. –ê –∑–∞–≤—Ç—Ä–∞ —à–∞—à–ª—ã—á–∫–∏ üç¥üçñ #–≥—É–ª—è—Ç—å–≥—É–ª—è—Ç—å #–ª—é–±–ª—é—Å–≤–æ—é—Å–µ–º—å—é #—Ö–µ–ª—å—Å–∏–Ω–∫–∏ #–¥–µ—Ç–∫–∏ #–ø–∞–ø–∞–∑–∞–∫–∞–¥—Ä–æ–º #–ø—Ä–µ–∫—Ä–∞—Å–Ω—ã–π–¥–µ–Ω—å","0","4","0","Ginza","221564597"
"1255240285620674208","oliviacolacci","https://www.instagram.com/p/BFrgmOkLh6g/","https://scontent.cdninstagram.com/t51.2885-15/s640x640/sh0.08/e35/13108703_1613328415660689_1149039966_n.jpg?ig_cache_key=MTI1NTI0MDI4NTYyMDY3NDIwOA%3D%3D.2.l","2016-05-21 18:45:24","üìçI forgot how amazing it is to explore a new city üëÄ #Helsinki #Finland #tourist #explore #travel #work #friends #girl #stairs #steps #city #igers #iphonesia #ootd #coffee #denim #blackonblack #workinit","0","4","4","Normal","221564597"
"1255236232445278856","count_cat","https://www.instagram.com/p/BFrfrPwGbqI/","https://scontent.cdninstagram.com/t51.2885-15/s640x640/sh0.08/e35/13269357_862150640579894_1457173589_n.jpg?ig_cache_key=MTI1NTIzNjIzMjQ0NTI3ODg1Ng%3D%3D.2","2016-05-21 18:37:21","None","0","4","0","Normal","221564597"
"1255228755010938316","wanggugu","https://www.instagram.com/p/BFrd-b2SGXM/","https://scontent.cdninstagram.com/t51.2885-15/s640x640/sh0.08/e35/13259068_906285592826681_696864241_n.jpg?ig_cache_key=MTI1NTIyODc1NTAxMDkzODMxNg%3D%3D.2","2016-05-21 18:22:29","#helsinki","0","4","0","Gingham","221564597"
"1255227861914413826","ngiss","https://www.instagram.com/p/BFrdxcFlOsC/","https://scontent.cdninstagram.com/t51.2885-15/s640x640/sh0.08/e35/13266889_1042429269129062_256469919_n.jpg?ig_cache_key=MTI1NTIyNzg2MTkxNDQxMzgyNg%3D%3D.2","2016-05-21 18:20:43","#hesannaiset #ihana #viikonloppu  @iddauu @_riiina @maeiju ‚ù§","0","4","0","Normal","221564597"
"1255223269754180643","iddauu","https://www.instagram.com/p/BFrcunTgJQj/","https://scontent.cdninstagram.com/t51.2885-15/s640x640/sh0.08/e35/13267500_938989006212390_899400804_n.jpg?ig_cache_key=MTI1NTIyMzI2OTc1NDE4MDY0Mw%3D%3D.2","2016-05-21 18:11:35","#hesannaiset #lomalla #rakkautta #lifeisgreat üíñ","3","4","0","Lark","221564597"
"1255220256550116310","angelgl90","https://www.instagram.com/p/BFrcCxCi1vW/","https://scontent.cdninstagram.com/t51.2885-15/s640x640/sh0.08/e35/13259544_1808624232699512_17165024_n.jpg?ig_cache_key=MTI1NTIyMDI1NjU1MDExNjMxMA%3D%3D.2","2016-05-21 18:05:36","None","0","4","0","Ashby","221564597"
"1255207240627436857","daniaios","https://www.instagram.com/p/BFrZFXBGL05/","https://scontent.cdninstagram.com/t51.2885-15/s640x640/sh0.08/e35/13249902_1137254756316248_517781303_n.jpg?ig_cache_key=MTI1NTIwNzI0MDYyNzQzNjg1Nw%3D%3D.2","2016-05-21 17:39:45","Morritos!","3","4","0","Normal","221564597"
"1255203381086813754","jjanemil","https://www.instagram.com/p/BFrYNMijH46/","https://scontent.cdninstagram.com/t51.2885-15/s640x640/sh0.08/e35/13267534_188091788253714_1472957618_n.jpg?ig_cache_key=MTI1NTIwMzM4MTA4NjgxMzc1NA%3D%3D.2.l","2016-05-21 17:32:05","Listen... üíÅüèº #squad","3","4","4","Normal","221564597"
"1257287642719608817","paivihelenak","https://www.instagram.com/p/BFyyHMcyl_x/","https://scontent.cdninstagram.com/t51.2885-15/s640x640/sh0.08/e35/13259571_1037640042991153_262890106_n.jpg?ig_cache_key=MTI1NzI4NzY0MjcxOTYwODgxNw%3D%3D.2.l","2016-05-24 14:33:08","Satun ja Julian kanssa üòò","0","1","0","Normal","9198717"
"1257249710729945643","etikainen","https://www.instagram.com/p/BFypfNiBWIr/","https://scontent.cdninstagram.com/t51.2885-15/s640x640/sh0.08/e35/13108690_1722091444725100_647808163_n.jpg?ig_cache_key=MTI1NzI0OTcxMDcyOTk0NTY0Mw%3D%3D.2.l","2016-05-24 13:17:46","#suosittelen #museumofbrokenrelationships #rakastuhelsinkiin #visithelsinki #kaupunginmuseo","0","4","1","Lark","9198717"
"1257245299714337209","saanananna","https://www.instagram.com/p/BFyofBdAKm5/","https://scontent.cdninstagram.com/t51.2885-15/s640x640/sh0.08/e35/13277842_1738123719767154_788552252_n.jpg?ig_cache_key=MTI1NzI0NTI5OTcxNDMzNzIwOQ%3D%3D.2.l","2016-05-24 13:09:00","Ihana paikka! #helsinginkaupunginmuseo #museumofbrokenrelationships #helsinki #kannattik√§yd√§","0","2","0","Normal","9198717"
"1257242005359100898","riikkatikka","https://www.instagram.com/p/BFynvFWIQPi/","https://scontent.cdninstagram.com/t51.2885-15/s640x640/sh0.08/e35/13259036_277451495976160_721999504_n.jpg?ig_cache_key=MTI1NzI0MjAwNTM1OTEwMDg5OA%3D%3D.2.l","2016-05-24 13:02:27","Vaikuttavin n√§yttely v√§h√§√§n aikaan.  #museumofbrokenrelationships","2","4","1","Crema","9198717"
"1257134931034182713","keitivilms","https://www.instagram.com/p/BFyPY8nBxQ5/","https://scontent.cdninstagram.com/t51.2885-15/s640x640/sh0.08/e35/13267499_1256516251025983_2133806838_n.jpg?ig_cache_key=MTI1NzEzNDkzMTAzNDE4MjcxMw%3D%3D.2.l","2016-05-24 09:29:43","Museum of Broken Relationships
http://www.helsinginkaupunginmuseo.fi/nayttelyt/brokenships/","0","4","1","Normal","9198717"
"1257122508008592918","saraindigo","https://www.instagram.com/p/BFyMkKxABYW/","https://scontent.cdninstagram.com/t51.2885-15/s640x640/sh0.08/e35/13259485_273734709681167_1303503218_n.jpg?ig_cache_key=MTI1NzEyMjUwODAwODU5MjkxOA%3D%3D.2","2016-05-24 09:05:02","‚óà loma ja aurinko ‚óà","0","4","3","Inkwell","9198717"
"1257114957536336983","marivalio1","https://www.instagram.com/p/BFyK2S1yJxX/","https://scontent.cdninstagram.com/t51.2885-15/s640x640/sh0.08/e35/13285504_1552402368399246_620218066_n.jpg?ig_cache_key=MTI1NzExNDk1NzUzNjMzNjk4Mw%3D%3D.2","2016-05-24 08:50:02","Ihana, vihre√§ Museo. #helsinginkaupunginmuseo #i‚ô°mywork","0","4","0","Lark","9198717"
"1257076862280878502","helsinginkaupunginmuseo","https://www.instagram.com/p/BFyCL73nUmm/","https://scontent.cdninstagram.com/t51.2885-15/s640x640/sh0.08/e35/13248961_1026976327382577_2120422494_n.jpg?ig_cache_key=MTI1NzA3Njg2MjI4MDg3ODUwMg%3D%3D.2","2016-05-24 07:34:21","Uuden museon sis√§pihat toimivat kivasti my√∂s omien ev√§iden sy√∂ntiin n√§in aurinkoisina p√§ivin√§ üåû #kaupunginmuseo #sis√§pihat #lounas #picnic #kes√§ #torikorttelit","0","4","0","Normal","9198717"
"1256705145982118062","sonjajoensuu","https://www.instagram.com/p/BFwtqwFq2iu/","https://scontent.cdninstagram.com/t51.2885-15/s640x640/sh0.08/e35/13269485_1023020814411711_1694961947_n.jpg?ig_cache_key=MTI1NjcwNTE0NTk4MjExODA2Mg%3D%3D.2.l","2016-05-23 19:15:49","ü§ì kultturellit mammat #helsinki #2016 #finnishgirls","2","4","0","Normal","9198717"
"1256637473285504693","tiikristiina","https://www.instagram.com/p/BFweR--oH61/","https://scontent.cdninstagram.com/t51.2885-15/s640x640/sh0.08/e35/13269595_1763134620590167_1661667663_n.jpg?ig_cache_key=MTI1NjYzNzQ3MzI4NTUwNDY5Mw%3D%3D.2","2016-05-23 17:01:22","Kannattaa ehdottomasti k√§yd√§ katsomassa, kun viel√§ ehtii. Oli vaikuttava, henkil√∂kohtainen, terapioiva. #museumofbrokenrelationships","0","4","0","X-Pro II","9198717"
"1256624180303077395","olaushurtig","https://www.instagram.com/p/BFwbQi7IaAT/","https://scontent.cdninstagram.com/t51.2885-15/s640x640/sh0.08/e35/13116831_1732498376973101_1281157915_n.jpg?ig_cache_key=MTI1NjYyNDE4MDMwMzA3NzM5NQ%3D%3D.2.l","2016-05-23 16:34:57","None","0","4","4","Normal","9198717"
"1256608025465383533","evalyu_","https://www.instagram.com/p/BFwXldjxOpt/","https://scontent.cdninstagram.com/t51.2885-15/s640x640/sh0.08/e35/13277807_1144553732232685_97926536_n.jpg?ig_cache_key=MTI1NjYwODAyNTQ2NTM4MzUzMw%3D%3D.2.l","2016-05-23 16:02:51","None","0","4","0","Normal","9198717"
"1256591354370416879","evgeniiposlanichenko","https://www.instagram.com/p/BFwTy3ZE2Dv/","https://scontent.cdninstagram.com/t51.2885-15/s640x640/sh0.08/e35/13259666_245277249172054_431962085_n.jpg?ig_cache_key=MTI1NjU5MTM1NDM3MDQxNjg3OQ%3D%3D.2","2016-05-23 15:29:44","None","0","4","0","Clarendon","9198717"
"1256578676894899020","hanna.tanninen","https://www.instagram.com/p/BFwQ6YkpptM/","https://scontent.cdninstagram.com/t51.2885-15/s640x640/sh0.08/e35/13277632_1732771850303502_921212123_n.jpg?ig_cache_key=MTI1NjU3ODY3Njg5NDg5OTAyMA%3D%3D.2","2016-05-23 15:04:33","#brokenships #museumofbrokenrelationships","0","4","0","Ludwig","9198717"
"1256545261897238823","designercouple","https://www.instagram.com/p/BFwJUIblckn/","https://scontent.cdninstagram.com/t51.2885-15/s640x640/sh0.08/e35/13266811_573861399457622_2114415452_n.jpg?ig_cache_key=MTI1NjU0NTI2MTg5NzIzODgyMw%3D%3D.2","2016-05-23 13:58:09","#museumday with my #dearest üëç #Helsinki #Helsinkimuseum #museum #blackwhite #interior","1","4","0","Moon","9198717"
"1256542780706375899","designercouple","https://www.instagram.com/p/BFwIwBpFcjb/","https://scontent.cdninstagram.com/l/t51.2885-15/s640x640/sh0.08/e35/13261082_1679837502279597_1444229807_n.jpg?ig_cache_key=MTI1NjU0Mjc4MDcwNjM3NTg5OQ%3D%3D.2","2016-05-23 13:53:13","#museumday with my #dearest üëç #Helsinki #Helsinkimuseum #museum #blackwhite #interior","1","4","0","Moon","9198717"
"1256463173464164711","yle.news","https://www.instagram.com/p/BFv2plnsQln/","https://scontent.cdninstagram.com/t51.2885-15/s640x640/sh0.08/e35/13256864_1744210069127169_61609863_n.jpg?ig_cache_key=MTI1NjQ2MzE3MzQ2NDE2NDcxMQ%3D%3D.2","2016-05-23 11:15:03","Denise Wall testing out the new VR headsets at Helsinki City Museum #helsinki #finland #museums #museum #vr #virtualreality #tourism","0","4","0","Normal","9198717"
"1256460873104662293","candidarifkind","https://www.instagram.com/p/BFv2IHPlJ8V/","https://scontent.cdninstagram.com/t51.2885-15/s640x640/sh0.08/e35/13277804_1723133161291990_1050022664_n.jpg?ig_cache_key=MTI1NjQ2MDg3MzEwNDY2MjI5Mw%3D%3D.2","2016-05-23 11:10:29","The Museum of Broken Relationships is such a sad exhibit they provide tissues #brokenships","0","3","0","Normal","9198717"
"1256442103108291522","helsinginkaupunginmuseo","https://www.instagram.com/p/BFvx2-UnUvC/","https://scontent.cdninstagram.com/t51.2885-15/s640x640/sh0.08/e35/13183347_495106680679173_1172453925_n.jpg?ig_cache_key=MTI1NjQ0MjEwMzEwODI5MTUyMg%3D%3D.2.l","2016-05-23 10:33:12","Kasarilla moni sai ensimm√§isen kosketuksensa skeittaukseen ja t√§n√§√§n Helsingin Nuorisoasiainkeskus lahjoitti kaupunginmuseolle varastosta l√∂ytyneen Zorlacin skeittilaudan vuodelta 1988 museon kasari-tilassa!
Lauta on ostettu Helsingin City-Sokokselta ja silloin se maksoi 78 markkaa! 
Skeittareille tiedoksi: kyseess√§ on Donny Myhren pro-model Pusheadin grafiikoilla varustettuna! #kaupunginmuseo #nuorisoasiainkeskus #skate #zorlacskateboards #citysokos #kasari","0","4","0","Rise","9198717"
"1256422288152512732","karpogram","https://www.instagram.com/p/BFvtWoNNsjc/","https://scontent.cdninstagram.com/t51.2885-15/s640x640/sh0.08/e35/13249654_241759666193423_986715712_n.jpg?ig_cache_key=MTI1NjQyMjI4ODE1MjUxMjczMg%3D%3D.2.l","2016-05-23 09:53:50","Escaping monday.
#VirtualReality","2","4","0","Normal","9198717"
"1256350044501075069","annaseselia","https://www.instagram.com/p/BFvc7WECGR9/","https://scontent.cdninstagram.com/t51.2885-15/s640x640/sh0.08/e35/13109037_513978438796133_2081558739_n.jpg?ig_cache_key=MTI1NjM1MDA0NDUwMTA3NTA2OQ%3D%3D.2","2016-05-23 07:30:17","#keinutaan","1","4","2","Rise","9198717"
"1255892899502364181","eevatulonen","https://www.instagram.com/p/BFt0_AmxhYV/","https://scontent.cdninstagram.com/t51.2885-15/s640x640/sh0.08/e35/13248712_2005303876362077_820188711_n.jpg?ig_cache_key=MTI1NTg5Mjg5OTUwMjM2NDE4MQ%3D%3D.2","2016-05-22 16:22:01","#helsinginkaupunginmuseo #helsinki #helsinkimuseum #museum #violets #plant #flowers #visithelsinki #flowersofinstagram #flowerpic #flower #iloveflowerssomuch #iloveflowers #flowerpics #flowerlovers #flowerlover#flowerlove #flowerpower #thisissummer #ilovemuseum #ilovemuseums","0","4","3","Normal","9198717"
"1255890809791059392","eevatulonen","https://www.instagram.com/p/BFt0gmaRhXA/","https://scontent.cdninstagram.com/t51.2885-15/s640x640/sh0.08/e35/13167206_1035847223157296_1258770448_n.jpg?ig_cache_key=MTI1NTg5MDgwOTc5MTA1OTM5Mg%3D%3D.2","2016-05-22 16:17:52","#helsinginkaupunginmuseo #helsinki #visithelsinki #helsinkimuseum #ilovemuseum #ilovemuseums #oldkitchen #kitchen #museum","0","4","2","Normal","9198717"
"1255852970559089485","kapuust","https://www.instagram.com/p/BFtr594SytN/","https://scontent.cdninstagram.com/t51.2885-15/s640x640/sh0.08/e35/13249846_264381117244965_1577050044_n.jpg?ig_cache_key=MTI1NTg1Mjk3MDU1OTA4OTQ4NQ%3D%3D.2","2016-05-22 15:02:42","@vertsuu kanssa kattelemassa mielenkiintoisia esineit√§ ja tarinoita üíî  #helsinginkaupunginmuseo #museumofbrokenrelationships #senkinhemuli #helsinki","0","4","1","Clarendon","9198717"
"1255840091461784809","eevatulonen","https://www.instagram.com/p/BFto-jSRhTp/","https://scontent.cdninstagram.com/t51.2885-15/s640x640/sh0.08/e35/13277669_508492726013309_1851196680_n.jpg?ig_cache_key=MTI1NTg0MDA5MTQ2MTc4NDgwOQ%3D%3D.2","2016-05-22 14:37:06","#helsinginkaupunginmuseo #museum #visithelsinki #helsinkimuseum #oldsewingmachine #sewingmachine #ilovemuseums #helsinki #ilovemuseum","0","4","0","Normal","9198717"
"1255833283836280417","noorapop","https://www.instagram.com/p/BFtnbfMLH5h/","https://scontent.cdninstagram.com/t51.2885-15/s640x640/sh0.08/e35/13257125_1138495086171117_1848816613_n.jpg?ig_cache_key=MTI1NTgzMzI4MzgzNjI4MDQxNw%3D%3D.2","2016-05-22 14:23:35","Ainakin minulla oli hauskaa museossa. #nukketeatteri #helsinginkaupunginmuseo","0","4","0","Clarendon","9198717"
"1255826230309565122","orponautti","https://www.instagram.com/p/BFtl02FODLC/","https://scontent.cdninstagram.com/t51.2885-15/s640x640/sh0.08/e35/13277651_1687205384878398_1369213294_n.jpg?ig_cache_key=MTI1NTgyNjIzMDMwOTU2NTEyMg%3D%3D.2","2016-05-22 14:09:34","kes√§ tulee, party hard ü§ò","1","4","2","Normal","9198717"
"1255823779366506717","mervihietanen","https://www.instagram.com/p/BFtlRLdoRDd/","https://scontent.cdninstagram.com/t51.2885-15/s640x640/sh0.08/e35/13181349_1691116177817394_965323833_n.jpg?ig_cache_key=MTI1NTgyMzc3OTM2NjUwNjcxNw%3D%3D.2","2016-05-22 14:04:42","Ehk√§ hienoin kaappi ikin√§! #helsinginkaupunginmuseo #helsinki","0","4","0","Lark","9198717"
"1255823110889608996","varpugoos","https://www.instagram.com/p/BFtlHc5TRck/","https://scontent.cdninstagram.com/t51.2885-15/s640x640/sh0.08/e35/13183395_1541190036190845_1392276781_n.jpg?ig_cache_key=MTI1NTgyMzExMDg4OTYwODk5Ng%3D%3D.2","2016-05-22 14:03:22","#kulttuurisuositus #helsinki #helsinginkaupunginmuseo #hemuli","0","4","0","Moon","9198717"
"1255822792597770412","mervihietanen","https://www.instagram.com/p/BFtlC0doRCs/","https://scontent.cdninstagram.com/t51.2885-15/s640x640/sh0.08/e35/13257163_954351968013789_1791131641_n.jpg?ig_cache_key=MTI1NTgyMjc5MjU5Nzc3MDQxMg%3D%3D.2","2016-05-22 14:02:44","Helsingin kaupunginmuseon n√§yttely oli hieno ja surullinen. #uusimuseo #kannattaa tutustua #museumofbrokenrelationships #helsinki","0","4","0","Normal","9198717"
"1255817574171311145","noorapop","https://www.instagram.com/p/BFtj24bLHwp/","https://scontent.cdninstagram.com/t51.2885-15/s640x640/sh0.08/e35/13116804_661960680646257_898573471_n.jpg?ig_cache_key=MTI1NTgxNzU3NDE3MTMxMTE0NQ%3D%3D.2","2016-05-22 13:52:22","K√§ytiin t√§n√§√§n leikkim√§ss√§ koulua. #minityypit #helsinginkaupunginmuseo","0","4","0","Gingham","9198717"
"1255815612312860915","pulkkinenelli","https://www.instagram.com/p/BFtjaVTTDjz/","https://scontent.cdninstagram.com/t51.2885-15/s640x640/sh0.08/e35/13269590_368154476641648_517743556_n.jpg?ig_cache_key=MTI1NTgxNTYxMjMxMjg2MDkxNQ%3D%3D.2","2016-05-22 13:48:28","üíï","1","4","4","Inkwell","9198717"
"1255805010995339586","janikaxd","https://www.instagram.com/p/BFthAEDiGFC/","https://scontent.cdninstagram.com/t51.2885-15/s640x640/sh0.08/e35/13117970_1011015908974471_750432471_n.jpg?ig_cache_key=MTI1NTgwNTAxMDk5NTMzOTU4Ng%3D%3D.2","2016-05-22 13:27:24","Ihana mummini t√§ytti 71v üéâüéà
Sen kunniaksi vietettiin mummop√§iv√§√§, johon sis√§ltyi aamupala K√∂ketiss√§, museoreissu, muotin√§yt√∂s & Kappeli! üòé","0","4","0","Juno","9198717"
"1255787681720862967","patrycja_kalko","https://www.instagram.com/p/BFtdD46SIj3/","https://scontent.cdninstagram.com/t51.2885-15/s640x640/sh0.08/e35/13267534_1534723006835778_34107694_n.jpg?ig_cache_key=MTI1NTc4NzY4MTcyMDg2Mjk2Nw%3D%3D.2.l","2016-05-22 12:52:59","Our last day in Helsinki #finland #weekend #fun #Helsinki #travelgram #queen #couple #polishboy #polishgirl","0","4","0","Perpetua","9198717"
"1255775324033463620","pnikrus","https://www.instagram.com/p/BFtaQD6tzVE/","https://scontent.cdninstagram.com/t51.2885-15/s640x640/sh0.08/e35/13267515_1566247707013067_419577379_n.jpg?ig_cache_key=MTI1NTc3NTMyNDAzMzQ2MzYyMA%3D%3D.2","2016-05-22 12:28:25","The new Helsinki City Museum @ Aleksanterinkatu is great. #helsinginkaupunginmuseo
#helsinki #finland #visithelsinki","0","4","0","Normal","9198717"
"1255760434891798356","pnikrus","https://www.instagram.com/p/BFtW3ZUtzdU/","https://scontent.cdninstagram.com/t51.2885-15/s640x640/sh0.08/e35/13116792_864188930359873_1004963254_n.jpg?ig_cache_key=MTI1NTc2MDQzNDg5MTc5ODM1Ng%3D%3D.2","2016-05-22 11:58:50","Mask. #helsinginkaupunginmuseo #helsinki #finland #visithelsinki","0","3","0","Normal","9198717"
"1255753422532141682","annaontheshore","https://www.instagram.com/p/BFtVRWjgmJy/","https://scontent.cdninstagram.com/t51.2885-15/s640x640/sh0.08/e35/13277542_1101697859887024_638460036_n.jpg?ig_cache_key=MTI1NTc1MzQyMjUzMjE0MTY4Mg%3D%3D.2.l","2016-05-22 11:44:55","#retrophone","0","4","0","Reyes","9198717"
"1255745920952328562","annaontheshore","https://www.instagram.com/p/BFtTkMKgmFy/","https://scontent.cdninstagram.com/t51.2885-15/s640x640/sh0.08/e35/13167452_792296597571413_1437400867_n.jpg?ig_cache_key=MTI1NTc0NTkyMDk1MjMyODU2Mg%3D%3D.2.l","2016-05-22 11:30:00","#—Ö–µ–ª—å—Å–∏–Ω–∫–∏ #helsinki","0","4","1","Lark","9198717"
"1255720014087886347","myymiu","https://www.instagram.com/p/BFtNrMhDpYL/","https://scontent.cdninstagram.com/t51.2885-15/s640x640/sh0.08/e35/13269543_283046145367165_1787744455_n.jpg?ig_cache_key=MTI1NTcyMDAxNDA4Nzg4NjM0Nw%3D%3D.2","2016-05-22 10:38:32","#vagabond #pinkbomberjacket #helsinginkaupunginmuseo #museumofbrokenrelationships #igersh√§meenlinna","0","4","2","Valencia","9198717"
"1255705650845576062","damejohanna","https://www.instagram.com/p/BFtKaLtGet-/","https://scontent.cdninstagram.com/t51.2885-15/s640x640/sh0.08/e35/13108933_265343490482522_525043215_n.jpg?ig_cache_key=MTI1NTcwNTY1MDg0NTU3NjA2Mg%3D%3D.2","2016-05-22 10:10:00","En ollutkaan ennen k√§ynyt Helsingin kaupunginmuseossa.","1","4","0","Clarendon","9198717"
"1255676268435819352","petewaterz","https://www.instagram.com/p/BFtDunNAUtY/","https://scontent.cdninstagram.com/t51.2885-15/s640x640/sh0.08/e35/13116654_1543751012597113_1563017178_n.jpg?ig_cache_key=MTI1NTY3NjI2ODQzNTgxOTM1Mg%3D%3D.2.l","2016-05-22 09:11:37","""If you let them kill you - they will."" -Charles Bukowski
#museum #finland #ww2 #gasmask #history #war","0","4","0","Lark","9198717"
"1255660869737676005","karimuhonen","https://www.instagram.com/p/BFtAOiDEnzl/","https://scontent.cdninstagram.com/t51.2885-15/s640x640/sh0.08/e35/13285240_1021023404659973_367163369_n.jpg?ig_cache_key=MTI1NTY2MDg2OTczNzY3NjAwNQ%3D%3D.2.l","2016-05-22 08:41:01","None","0","4","0","Normal","9198717"
"1255316511107193710","millaxt","https://www.instagram.com/p/BFrx7dFOhtu/","https://scontent.cdninstagram.com/t51.2885-15/s640x640/sh0.08/e35/13266777_1779935228894669_492359344_n.jpg?ig_cache_key=MTI1NTMxNjUxMTEwNzE5MzcxMA%3D%3D.2","2016-05-21 21:16:51","It's ya girl M, having a little swing at a museum.","0","4","0","Valencia","9198717"
"1255247551645449797","tiiantai","https://www.instagram.com/p/BFriP9lAX5F/","https://scontent.cdninstagram.com/t51.2885-15/s640x640/sh0.08/e35/13269478_595906933906004_1023559198_n.jpg?ig_cache_key=MTI1NTI0NzU1MTY0NTQ0OTc5Nw%3D%3D.2","2016-05-21 18:59:50","#Helsinki #Museumofbrokenrelationships (well, this #piggy doesn't belong to the collection)","0","4","2","Normal","9198717"
"1255244640404209123","tiiantai","https://www.instagram.com/p/BFrhlmRgX3j/","https://scontent.cdninstagram.com/t51.2885-15/s640x640/sh0.08/e35/13183399_1005489029538933_599664295_n.jpg?ig_cache_key=MTI1NTI0NDY0MDQwNDIwOTEyMw%3D%3D.2","2016-05-21 18:54:03","#Helsinki","0","4","0","Normal","9198717"
"1255208318848448395","lostintranslati0n","https://www.instagram.com/p/BFrZVDME7eL/","https://scontent.cdninstagram.com/t51.2885-15/s640x640/sh0.08/e35/13256697_891543707641029_1438613685_n.jpg?ig_cache_key=MTI1NTIwODMxODg0ODQ0ODM5NQ%3D%3D.2","2016-05-21 17:41:53","#helsinki #finland #—Ö–µ–ª—å—Å–∏–Ω–∫–∏ #museum #museo #brokenrelationships #—Ö–µ–ª—å—Å–∏–Ω–∫–∏ #–º—É–∑–µ–π","1","4","1","Clarendon","9198717"
"1255194834310992121","seilaway","https://www.instagram.com/p/BFrWQ0vAxD5/","https://scontent.cdninstagram.com/t51.2885-15/s640x640/sh0.08/e35/13249747_1095238947206598_1941745711_n.jpg?ig_cache_key=MTI1NTE5NDgzNDMxMDk5MjEyMQ%3D%3D.2.l","2016-05-21 17:15:06","Valmistautumista kaunistautumiseen ja kulttuuria t√§n√§√§n. Ihana lauantai. #museumofbrokenrelationships oli mielenkiintoinen üçÄ","0","4","0","Moon","9198717"
"1255138761436436504","fridawilhelmina","https://www.instagram.com/p/BFrJg2zPhgY/","https://scontent.cdninstagram.com/t51.2885-15/s640x640/sh0.08/e35/13249656_241096646257552_146730807_n.jpg?ig_cache_key=MTI1NTEzODc2MTQzNjQzNjUwNA%3D%3D.2.l","2016-05-21 15:23:41","None","0","4","0","Gingham","9198717"
"1255137118544337877","fridawilhelmina","https://www.instagram.com/p/BFrJI8vPhvV/","https://scontent.cdninstagram.com/t51.2885-15/s640x640/sh0.08/e35/13187951_239956829712785_154669926_n.jpg?ig_cache_key=MTI1NTEzNzExODU0NDMzNzg3Nw%3D%3D.2.l","2016-05-21 15:20:25","üëåüèº #helsinginkaupunginmuseo","0","4","2","Gingham","9198717"
"1255093468110604114","juliasivina","https://www.instagram.com/p/BFq_NwGpUdS/","https://scontent.cdninstagram.com/t51.2885-15/s640x640/sh0.08/e35/13269390_1040135726067376_1197252629_n.jpg?ig_cache_key=MTI1NTA5MzQ2ODExMDYwNDExNA%3D%3D.2.l","2016-05-21 13:53:42","üíî #museumofbrokenrelationships","0","4","0","Normal","9198717"
"1255086631829161316","sinisorainen","https://www.instagram.com/p/BFq9qRUhMVk/","https://scontent.cdninstagram.com/t51.2885-15/s640x640/sh0.08/e35/13249923_588296768000935_972254123_n.jpg?ig_cache_key=MTI1NTA4NjYzMTgyOTE2MTMxNg%3D%3D.2","2016-05-21 13:40:07","Aikamatka 70-luvun mummolaan :D #museo #mummola","0","4","0","Reyes","9198717"
"1255084199334167804","sinisorainen","https://www.instagram.com/p/BFq9G34hMT8/","https://scontent.cdninstagram.com/t51.2885-15/s640x640/sh0.08/e35/13108877_247453658944972_1708456071_n.jpg?ig_cache_key=MTI1NTA4NDE5OTMzNDE2NzgwNA%3D%3D.2","2016-05-21 13:35:17","#nukkekoti #lastenkaupunki #kotileikki","0","4","0","Gingham","9198717"
"1255075709923472749","rikkikor","https://www.instagram.com/p/BFq7LVgNbVt/","https://scontent.cdninstagram.com/t51.2885-15/s640x640/sh0.08/e35/13277581_1737322499813398_1471731685_n.jpg?ig_cache_key=MTI1NTA3NTcwOTkyMzQ3Mjc0OQ%3D%3D.2","2016-05-21 13:18:25","–ö–∞—á–µ–ª—å–∫–∏^^","0","4","2","Nashville","9198717"
"1255071449698444909","innarick","https://www.instagram.com/p/BFq6NV3AqZt/","https://scontent.cdninstagram.com/t51.2885-15/s640x640/sh0.08/e35/13183289_1056150224459822_2097775882_n.jpg?ig_cache_key=MTI1NTA3MTQ0OTY5ODQ0NDkwOQ%3D%3D.2","2016-05-21 13:09:57","–ö–∞—á–µ–µ–µ–µ–ª—å–∫–∏","0","4","0","Normal","9198717"
"1255064177035355483","innarick","https://www.instagram.com/p/BFq4jgqgqVb/","https://scontent.cdninstagram.com/t51.2885-15/s640x640/sh0.08/e35/13277650_783845095048557_606297660_n.jpg?ig_cache_key=MTI1NTA2NDE3NzAzNTM1NTQ4Mw%3D%3D.2","2016-05-21 12:55:30","Sad-sad, but sometimes silly stories at #museumofbrokenrelationships#Helsinki","0","4","2","Aden","9198717"
"1255059692929970788","anunokua","https://www.instagram.com/p/BFq3iQhAHJk/","https://scontent.cdninstagram.com/t51.2885-15/s640x640/sh0.08/e35/13181519_505166149689858_430849842_n.jpg?ig_cache_key=MTI1NTA1OTY5MjkyOTk3MDc4OA%3D%3D.2","2016-05-21 12:46:36","Greetings from Helsinki City Museum ‚ô• #museumofbrokenrelationships #helsinkicitymuseum #chocolate #packaging","0","4","0","Valencia","9198717"
"1255053763888131947","miumaun","https://www.instagram.com/p/BFq2L-qka9r/","https://scontent.cdninstagram.com/t51.2885-15/s640x640/sh0.08/e35/13256750_227473624300700_701232059_n.jpg?ig_cache_key=MTI1NTA1Mzc2Mzg4ODEzMTk0Nw%3D%3D.2","2016-05-21 12:34:49","Helppoa üíö #munstadi #helsinkilove #instamoment #lounge #doyouseewhatisee #ihanahelsinki","0","4","0","Normal","9198717"
"1255047696040599229","sallakantokorpi","https://www.instagram.com/p/BFq0zrirB69/","https://scontent.cdninstagram.com/t51.2885-15/s640x640/sh0.08/e35/13248947_623197297839366_1845297634_n.jpg?ig_cache_key=MTI1NTA0NzY5NjA0MDU5OTIyOQ%3D%3D.2","2016-05-21 12:22:45","None","0","4","0","Normal","9198717"
"1255044081800996092","henrivle","https://www.instagram.com/p/BFqz_FhNGT8/","https://scontent.cdninstagram.com/t51.2885-15/s640x640/sh0.08/e35/13261049_1316735408351775_1164600051_n.jpg?ig_cache_key=MTI1NTA0NDA4MTgwMDk5NjA5Mg%3D%3D.2.l","2016-05-21 12:15:35","museum of broken relationships","0","4","2","Normal","9198717"
"1255042009749160553","oxumoron82","https://www.instagram.com/p/BFqzg7xSoJp/","https://scontent.cdninstagram.com/t51.2885-15/s640x640/sh0.08/e35/13277784_845279595576010_424747141_n.jpg?ig_cache_key=MTI1NTA0MjAwOTc0OTE2MDU1Mw%3D%3D.2.l","2016-05-21 12:11:27","#–ø–æ–º—É–∑–µ—è–º #–≤—ã—Ö–æ–¥–Ω–æ–π#–∫–æ–º–Ω–∞—Ç–∞–≤—Ä–µ–º–µ–Ω–∏","0","4","0","Normal","9198717"
"1255038312805728762","oxumoron82","https://www.instagram.com/p/BFqyrIuSoH6/","https://scontent.cdninstagram.com/t51.2885-15/s640x640/sh0.08/e35/13260934_470916996438281_318390445_n.jpg?ig_cache_key=MTI1NTAzODMxMjgwNTcyODc2Mg%3D%3D.2.l","2016-05-21 12:04:07","None","0","4","0","Clarendon","9198717"
"1255035535144681881","oxumoron82","https://www.instagram.com/p/BFqyCt0yoGZ/","https://scontent.cdninstagram.com/t51.2885-15/s640x640/sh0.08/e35/13183387_1598077730504214_772943135_n.jpg?ig_cache_key=MTI1NTAzNTUzNTE0NDY4MTg4MQ%3D%3D.2","2016-05-21 11:58:36","#museonp√§iv√§#lapset#–ø–æ–º–æ–∂–µ–º#–≤—ã—Ö–æ–¥–Ω–æ–π–¥–µ–Ω—å","0","4","0","Clarendon","9198717"
"1255023526181396159","nummelina","https://www.instagram.com/p/BFqvT9mzN6_/","https://scontent.cdninstagram.com/t51.2885-15/s640x640/sh0.08/e35/13183519_1735968993310552_514820925_n.jpg?ig_cache_key=MTI1NTAyMzUyNjE4MTM5NjE1OQ%3D%3D.2","2016-05-21 11:34:44","Herbs! üå± #helsinki #summer @karppipa","0","4","0","Lark","9198717"
"1255021823604246729","laurakoonikka","https://www.instagram.com/p/BFqu7L9S0jJ/","https://scontent.cdninstagram.com/t51.2885-15/e35/13183523_604142966429014_1352353299_n.jpg?ig_cache_key=MTI1NTAyMTgyMzYwNDI0NjcyOQ%3D%3D.2","2016-05-21 11:31:21","Back to old school #lastenmuseo #helsinki #oldschool #whiteboard","0","4","0","Juno","9198717"
"1254983262933396532","eilinag","https://www.instagram.com/p/BFqmKDiNKw0/","https://scontent.cdninstagram.com/t51.2885-15/s640x640/sh0.08/e35/13167483_1703037423294869_945698376_n.jpg?ig_cache_key=MTI1NDk4MzI2MjkzMzM5NjUzMg%3D%3D.2","2016-05-21 10:14:44","#ikkuna","0","4","0","Normal","9198717"
"1254980146028654532","eilinag","https://www.instagram.com/p/BFqlcssNK_E/","https://scontent.cdninstagram.com/t51.2885-15/s640x640/sh0.08/e35/13269464_984572101612606_796775187_n.jpg?ig_cache_key=MTI1NDk4MDE0NjAyODY1NDUzMg%3D%3D.2.l","2016-05-21 10:08:33","#ilovehelsinki","0","4","0","Normal","9198717"
"1254971069211987200","jumperfromlahti","https://www.instagram.com/p/BFqjYnPxc0A/","https://scontent.cdninstagram.com/t51.2885-15/s640x640/sh0.08/e35/13167175_1017348661681964_529291328_n.jpg?ig_cache_key=MTI1NDk3MTA2OTIxMTk4NzIwMA%3D%3D.2.l","2016-05-21 09:50:31","Jumping in the head of Finland, Helsinki! #jumping #helsinki #helsinginkaupunginmuseo","0","4","0","Gingham","9198717"
"1254928571215121325","marinakelahaara","https://www.instagram.com/p/BFqZuL5xAut/","https://scontent.cdninstagram.com/t51.2885-15/s640x640/sh0.08/e35/13267344_1060013214092062_529860374_n.jpg?ig_cache_key=MTI1NDkyODU3MTIxNTEyMTMyNQ%3D%3D.2","2016-05-21 08:26:05","Kaupunkip√§iv√§ #metyt√∂t #helsinginkaupunginmuseo","0","4","0","Normal","9198717"
"1254927619106898853","katjahagelstam","https://www.instagram.com/p/BFqZgVLsYOl/","https://scontent.cdninstagram.com/t51.2885-15/s640x640/sh0.08/e35/13256945_1094122870647621_1558587667_n.jpg?ig_cache_key=MTI1NDkyNzYxOTEwNjg5ODg1Mw%3D%3D.2","2016-05-21 08:24:11","Very nice coffee experience at Le Fant","0","4","0","Normal","9198717"
"1254919933044471814","irinalear","https://www.instagram.com/p/BFqXwe-rDgG/","https://scontent.cdninstagram.com/t51.2885-15/s640x640/sh0.08/e35/13116651_918498068249431_2131697654_n.jpg?ig_cache_key=MTI1NDkxOTkzMzA0NDQ3MTgxNA%3D%3D.2","2016-05-21 08:08:55","Vietet√§√§nk√∂ rauhoitusaikaa yhdess√§ #bisse","0","4","0","Normal","9198717"
"1254869994703768345","helsinginkaupunginmuseo","https://www.instagram.com/p/BFqMZyRnUsZ/","https://scontent.cdninstagram.com/t51.2885-15/s640x640/sh0.08/e35/13267448_592791527549287_936374101_n.jpg?ig_cache_key=MTI1NDg2OTk5NDcwMzc2ODM0NQ%3D%3D.2","2016-05-21 06:29:42","Tervetuloa tutkimaan uutta museota ja nauttimaan viikonlopusta! Lauantaisin museo hengailutiloineen on auki klo 11 -17.

#kaupunginmuseo #lounge #saahengata #keinutaan #vapaap√§√§sy

Kuva: Maija Astikainen","0","4","0","Normal","9198717"
"1254866202298841475","viewhelsinki","https://www.instagram.com/p/BFqLimUqnmD/","https://scontent.cdninstagram.com/t51.2885-15/s640x640/sh0.08/e35/13259480_1260742027287313_1750748171_n.jpg?ig_cache_key=MTI1NDg2NjIwMjI5ODg0MTQ3NQ%3D%3D.2.l","2016-05-21 06:22:09","I just love these inner yards #helsinki #helsinginkaupunginmuseo #visitfinland #visithelsinki","0","4","0","Normal","9198717"
"1254605246504530004","foschia_","https://www.instagram.com/p/BFpQNMTPnBU/","https://scontent.cdninstagram.com/t51.2885-15/s640x640/sh0.08/e35/13181336_472192886312763_1374397646_n.jpg?ig_cache_key=MTI1NDYwNTI0NjUwNDUzMDAwNA%3D%3D.2.l","2016-05-20 21:43:41","#helsinginkaupunginmuseo #helsinkicitymuseum #entrance #herbgarden","0","4","0","Normal","9198717"
"1254574834585278781","lanili","https://www.instagram.com/p/BFpJSo_mZk9/","https://scontent.cdninstagram.com/t51.2885-15/s640x640/sh0.08/e35/13248978_1390792677613938_961523424_n.jpg?ig_cache_key=MTI1NDU3NDgzNDU4NTI3ODc4MQ%3D%3D.2","2016-05-20 20:43:16","Sarppa kaupungissa w @sarppatekeetatskoi #kaupunginmuseo #aikakone #brokenrelationships #art #visithelsinki #latergram","1","4","0","Brooklyn","9198717"
"1254563060543263592","piialehtinen","https://www.instagram.com/p/BFpGnTkAhNo/","https://scontent.cdninstagram.com/t51.2885-15/s640x640/sh0.08/e35/13269552_283495918653661_1436981405_n.jpg?ig_cache_key=MTI1NDU2MzA2MDU0MzI2MzU5Mg%3D%3D.2.l","2016-05-20 20:19:52","Friday flowers.

#citylife #helsinki #visithelsinki #flowers","0","4","0","Crema","9198717"
"1254557073203480533","logoshelsinki","https://www.instagram.com/p/BFpFQLav0fV/","https://scontent.cdninstagram.com/t51.2885-15/s640x640/sh0.08/e35/13249845_585800068263169_565067415_n.jpg?ig_cache_key=MTI1NDU1NzA3MzIwMzQ4MDUzMw%3D%3D.2","2016-05-20 20:07:59","#visithelsinki #visitfinland #visitfinlandjp #helsinki #finland #feelhelsinki #dayinhelsinki #citymuseum #helsinginkaupunginmuseo #kaupunki #museum #museo #ourfinland #design","0","4","0","Crema","9198717"
"1254539679515651507","rafaelahlstrom","https://www.instagram.com/p/BFpBTESKa2z/","https://scontent.cdninstagram.com/t51.2885-15/s640x640/sh0.08/e35/13116596_1603661149949259_1024270547_n.jpg?ig_cache_key=MTI1NDUzOTY3OTUxNTY1MTUwNw%3D%3D.2","2016-05-20 19:33:25","#helsinginkaupunginmuseo @helsinginkaupunginmuseo @werklig #helsinki #finland #nordics #nordic #museum #urbanculture","0","4","3","Normal","9198717"
"1254515718898471182","linjaaho","https://www.instagram.com/p/BFo72ZOFlEO/","https://scontent.cdninstagram.com/t51.2885-15/s640x640/sh0.08/e35/13261073_645939262236158_710144088_n.jpg?ig_cache_key=MTI1NDUxNTcxODg5ODQ3MTE4Mg%3D%3D.2","2016-05-20 18:45:49","#museumofbrokenrelationships","0","4","0","Normal","9198717"
"1254511891436427012","mariaruuska","https://www.instagram.com/p/BFo6-snklcE/","https://scontent.cdninstagram.com/t51.2885-15/s640x640/sh0.08/e35/13258912_1586407885022621_520135294_n.jpg?ig_cache_key=MTI1NDUxMTg5MTQzNjQyNzAxMg%3D%3D.2.l","2016-05-20 18:38:12","Yhti√∂n autot odottivat kiltisti, kun naakat siemailivat afterwork-viini√§.","3","4","0","Crema","9198717"
"1254482318542580864","kerttukatrituulimarjaana","https://www.instagram.com/p/BFo0QWtvSyA/","https://scontent.cdninstagram.com/t51.2885-15/s640x640/sh0.08/e35/13257000_164823357253663_1194369959_n.jpg?ig_cache_key=MTI1NDQ4MjMxODU0MjU4MDg2NA%3D%3D.2","2016-05-20 17:39:27","Evolution. #60s #vintage #keinu #helsinginkaupunginmuseo","0","4","0","Normal","9198717"
"1254423639038577009","maretirri","https://www.instagram.com/p/BFom6dKv0lx/","https://scontent.cdninstagram.com/t51.2885-15/s640x640/sh0.08/e35/13269509_778342395635378_849051545_n.jpg?ig_cache_key=MTI1NDQyMzYzOTAzODU3NzAwOQ%3D%3D.2.l","2016-05-20 15:42:52","Museum of broken relationships: what a tearjerker. ""If you love someone, set them free. If they come back they‚Äôre yours; if they don‚Äôt they never were."" #museumofbrokenrelationships","0","4","4","Gingham","9198717"
"1254408451254141769","mervesusanna","https://www.instagram.com/p/BFojdccQENJ/","https://scontent.cdninstagram.com/t51.2885-15/s640x640/sh0.08/e35/13183259_1721713604766206_1811755952_n.jpg?ig_cache_key=MTI1NDQwODQ1MTI1NDE0MTc2OQ%3D%3D.2.l","2016-05-20 15:12:41","Museum of Broken Relationships ja sen j√§lkeen Helsingin palasia. Suosittelen.","0","4","0","Normal","9198717"
"1254382947358534306","sallaannastiina","https://www.instagram.com/p/BFodqUFnOqi/","https://scontent.cdninstagram.com/t51.2885-15/s640x640/sh0.08/e35/13259670_245155875844777_1925490691_n.jpg?ig_cache_key=MTI1NDM4Mjk0NzM1ODUzNDMwNg%3D%3D.2.l","2016-05-20 14:22:01","Kollegoiden kaa toreilla","6","4","0","Aden","9198717"
"1254375132405429952","luriell","https://www.instagram.com/p/BFob4l2G_bA/","https://scontent.cdninstagram.com/t51.2885-15/s640x640/sh0.08/e35/13259631_518507268350742_1315719925_n.jpg?ig_cache_key=MTI1NDM3NTEzMjQwNTQyOTk1Mg%3D%3D.2","2016-05-20 14:06:29","Hyl√§tyt kukat.","0","4","1","Normal","9198717"
"1254373159698429553","luriell","https://www.instagram.com/p/BFobb4nm_Zx/","https://scontent.cdninstagram.com/t51.2885-15/s640x640/sh0.08/e35/13108566_1554133978216280_1686552585_n.jpg?ig_cache_key=MTI1NDM3MzE1OTY5ODQyOTU1Mw%3D%3D.2","2016-05-20 14:02:34","Katariinankatu kukkii. #helsinki","0","4","2","Normal","9198717"
"1254354456661616881","dacage","https://www.instagram.com/p/BFoXLuDvmjx/","https://scontent.cdninstagram.com/t51.2885-15/s640x640/sh0.08/e35/13108931_1096857660357357_2002061904_n.jpg?ig_cache_key=MTI1NDM1NDQ1NjY2MTYxNjg4MQ%3D%3D.2","2016-05-20 13:25:25","Kulttuuria #helsinki #museum #museumofbrokenrelationships #vituiksmeni","0","4","0","Normal","9198717"
"1254351394339210239","rosajjosefina","https://www.instagram.com/p/BFoWfKDGsP_/","https://scontent.cdninstagram.com/t51.2885-15/s640x640/sh0.08/e35/13277729_537457176426258_1315872466_n.jpg?ig_cache_key=MTI1NDM1MTM5NDMzOTIxMDIzOQ%3D%3D.2","2016-05-20 13:19:20","üôÇüôÉ #museumofbrokenrelationships","0","4","2","Normal","9198717"
"1254311589431062841","satusavia","https://www.instagram.com/p/BFoNb61sbE5/","https://scontent.cdninstagram.com/t51.2885-15/s640x640/sh0.08/e35/13259499_904544132988176_126800519_n.jpg?ig_cache_key=MTI1NDMxMTU4OTQzMTA2Mjg0MQ%3D%3D.2","2016-05-20 12:00:15","#ihana Helsinki #Helsinki #florist #Katariinankatu","0","4","2","Normal","9198717"
"1254294396249238232","sarmattil","https://www.instagram.com/p/BFoJhucMurY/","https://scontent.cdninstagram.com/t51.2885-15/s640x640/sh0.08/e35/13249668_990765744364460_1088672867_n.jpg?ig_cache_key=MTI1NDI5NDM5NjI0OTIzODIzMg%3D%3D.2","2016-05-20 11:26:05","Intressant utst√§llning!","0","4","0","Moon","9198717"
"1254255624448618450","ville.lehto","https://www.instagram.com/p/BFoAthYy6_S/","https://scontent.cdninstagram.com/t51.2885-15/s640x640/sh0.08/e35/13249701_1611396799174426_163958310_n.jpg?ig_cache_key=MTI1NDI1NTYyNDQ0ODYxODQ1MA%3D%3D.2.l","2016-05-20 10:09:03","None","0","4","0","Lark","9198717"
"1254212847224885787","andy_shab","https://www.instagram.com/p/BFn2_B_khIb/","https://scontent.cdninstagram.com/t51.2885-15/s640x640/sh0.08/e35/13260828_1019369204836911_1572386053_n.jpg?ig_cache_key=MTI1NDIxMjg0NzIyNDg4NTc4Nw%3D%3D.2","2016-05-20 08:44:04","Now in Helsinki (filter: Clarendon)","0","4","0","Clarendon","9198717"
"1253857225050166885","heijari","https://www.instagram.com/p/BFmmIDCLBZl/","https://scontent.cdninstagram.com/t51.2885-15/s640x640/sh0.08/e35/13249864_129599370780299_1103658852_n.jpg?ig_cache_key=MTI1Mzg1NzIyNTA1MDE2Njg4NQ%3D%3D.2","2016-05-19 20:57:30","Went to Museum of Broken Relationships today - memorabilia from relationships of various lengths, shapes & sizes past were on display, with accompanying stories. This one was one of my favourites. #breakup #relationships","0","4","0","Normal","9198717"
"1253785929656841179","elamantapaintiaani","https://www.instagram.com/p/BFmV6kBlDPb/","https://scontent.cdninstagram.com/t51.2885-15/s640x640/sh0.08/e35/13259004_240361586324757_709028943_n.jpg?ig_cache_key=MTI1Mzc4NTkyOTY1Njg0MTE3OQ%3D%3D.2","2016-05-19 18:35:51","#museumofbrokenrelationships","1","4","2","Normal","9198717"
"1253759843966360515","heartspotted","https://www.instagram.com/p/BFmP-91Q5vD/","https://scontent.cdninstagram.com/t51.2885-15/s640x640/sh0.08/e35/13269316_1137255219670540_568680059_n.jpg?ig_cache_key=MTI1Mzc1OTg0Mzk2NjM2MDUxNQ%3D%3D.2","2016-05-19 17:44:01","#heartspotted in Helsinki #lovemoment #thecityoflove","0","3","0","Juno","9198717"
"1253715109488707832","helsinginkaupunginmuseo","https://www.instagram.com/p/BFmFz_mnUj4/","https://scontent.cdninstagram.com/t51.2885-15/e35/13260825_1550969545204771_1229319839_n.jpg?ig_cache_key=MTI1MzcxNTEwOTQ4ODcwNzgzMg%3D%3D.2","2016-05-19 16:15:09","Museon sis√§pihaa koristaa kev√§iset yrttiasetelmat ja kukkapylv√§√§t Ihana Helsinki -kaupunkifestivaalin ajan üå∏ 
By @raiviobumann ""#herbgarden at #helsinginkaupunginmuseo now ready for business"" via @PhotoRepost_app #kaupunginmuseo #ihanahelsinki","0","4","0","Normal","9198717"
"1253678024360620116","maijaviktoria","https://www.instagram.com/p/BFl9YVYunBU/","https://scontent.cdninstagram.com/l/t51.2885-15/s640x640/sh0.08/e35/13150868_245393689149688_2022206696_n.jpg?ig_cache_key=MTI1MzY3ODAyNDM2MDYyMDExNg%3D%3D.2.l","2016-05-19 15:01:28","kiva n√§yttely, mut tuolit vei voiton üòä #maijanni","1","4","0","Normal","9198717"
"1253676742295727523","eilinag","https://www.instagram.com/p/BFl9FrXtK2j/","https://scontent.cdninstagram.com/t51.2885-15/s640x640/sh0.08/e35/13109116_218467085204933_969933888_n.jpg?ig_cache_key=MTI1MzY3Njc0MjI5NTcyNzUyMw%3D%3D.2","2016-05-19 14:58:55","#lastenmuseo","0","4","0","Rise","9198717"
"1253669265562302804","viewhelsinki","https://www.instagram.com/p/BFl7Y4HqnlU/","https://scontent.cdninstagram.com/t51.2885-15/s640x640/sh0.08/e35/13113818_1710787535876104_442649525_n.jpg?ig_cache_key=MTI1MzY2OTI2NTU2MjMwMjgwNA%3D%3D.2.l","2016-05-19 14:44:04","Helsinki miniatyre #helsinki #visitfinland #visithelsinki","0","4","0","Clarendon","9198717"
"1253658284036239082","eilinag","https://www.instagram.com/p/BFl45ExtK7q/","https://scontent.cdninstagram.com/t51.2885-15/s640x640/sh0.08/e35/13181325_130202167385852_1449013576_n.jpg?ig_cache_key=MTI1MzY1ODI4NDAzNjIzOTA4Mg%3D%3D.2.l","2016-05-19 14:22:15","#ihanahelsinki","0","4","0","Gingham","9198717"
"1253641843790786408","johannasalmia","https://www.instagram.com/p/BFl1J1mty9o/","https://scontent.cdninstagram.com/t51.2885-15/s640x640/sh0.08/e35/13261026_857620067675853_827423094_n.jpg?ig_cache_key=MTI1MzY0MTg0Mzc5MDc4NjQwOA%3D%3D.2","2016-05-19 13:49:35","#pahvirullat #uusiok√§ytt√∂ #yrtti #istutusastia","0","4","0","Normal","9198717"
"1253631354600859958","jeminaeve","https://www.instagram.com/p/BFlyxMyRqk2/","https://scontent.cdninstagram.com/t51.2885-15/s640x640/sh0.08/e35/13183557_1086032131448577_1919783395_n.jpg?ig_cache_key=MTI1MzYzMTM1NDYwMDg1OTk1OA%3D%3D.2","2016-05-19 13:28:44","#museumofbrokenrelationshipsüíî","0","4","0","Normal","9198717"
"1253624604547034432","johannasalmia","https://www.instagram.com/p/BFlxO-Tty1A/","https://scontent.cdninstagram.com/t51.2885-15/s640x640/sh0.08/e35/13249866_827990524000821_1437892845_n.jpg?ig_cache_key=MTI1MzYyNDYwNDU0NzAzNDQzMg%3D%3D.2.l","2016-05-19 13:15:20","K√§vin aikamatkalla. Korkeapaikankammoista pelotti, kun jalkojen alla oli v√§lill√§ pudotus #timemachine  #virtualreality #oculusrift","0","4","0","Normal","9198717"
"1253615982030538374","eltzis","https://www.instagram.com/p/BFlvRf9rsaG/","https://scontent.cdninstagram.com/t51.2885-15/s640x640/sh0.08/e35/13188094_1762757617344115_1041055562_n.jpg?ig_cache_key=MTI1MzYxNTk4MjAzMDUzODM3NA%3D%3D.2","2016-05-19 12:58:12","#museumofbrokenrelationships #helsinki #kaupunginmuseo v√§h√§ kulttuuria el√§m√§√§n üòä","0","4","0","Normal","9198717"
"1253576445100639134","hannukalervo","https://www.instagram.com/p/BFlmSKVBUOe/","https://scontent.cdninstagram.com/t51.2885-15/s640x640/sh0.08/e35/13266880_724636544305880_1347159131_n.jpg?ig_cache_key=MTI1MzU3NjQ0NTEwMDYzOTEzNA%3D%3D.2.l","2016-05-19 11:39:39","Jo on tyylikk√§√§t kahvitüòäüòä #El Fant","0","4","1","Reyes","9198717"
"1253545986092060049","daaasjourney","https://www.instagram.com/p/BFlfW7Kok2R/","https://scontent.cdninstagram.com/t51.2885-15/s640x640/sh0.08/e35/13249801_826340067501811_133366378_n.jpg?ig_cache_key=MTI1MzU0NTk4NjA5MjA2MDA0OQ%3D%3D.2.l","2016-05-19 10:39:08","H e l s i n k i , F I N L A N D
.

Ëµ´ÁàæËæõÂü∫Â§ßÊïôÂ†ÇÔºåËÅΩË™™‰ª•ÂâçÁöÑÊ∞¥ÊâãÁúãÂà∞Ê≠§Â∫ßÊïôÂ†Ç‰æø‰ª£Ë°®‰ªñÂÄëÈõ¢Ëµ´ÁàæËæõÂü∫Ë∂ä‰æÜË∂äÊé•Ëøë„ÄÇ

ÂÆÉ‰ΩçÊñºËµ´ÁàæËæõÂü∫ÁöÑÂ∏Ç‰∏≠ÂøÉÁöÑË≠∞Èô¢Âª£Â†¥‰∏äÔºåÂ∑¶Âè≥ÂÖ©ÈÇäÊòØËä¨Ëò≠Á∏ΩÁêÜÂ∫úÔºåËµ´ÁàæËæõÂü∫Â§ßÂ≠∏‰∏ªÊ®ìÂíåÂúãÂÆ∂ÂúñÊõ∏È§®ÔºåÁ®±Âæó‰∏äÂ∑¶ÊìÅÂè≥Êä±„ÄÇ
.
‰∫åÊúà‰ªΩÁöÑËµ´ÁàæËæõÂü∫ÂæàÂØßÈùúÔºåË°óÈÅì‰∏äÊ≤íÊúâÂæàÂ§ö‰∫∫ÔºåÈÅäÂÆ¢‰πüÂæàÂ∞ëÔºåË°óÂà∞‰∏äÂè™ÊúâÊàëÂú®ÊãøËëóÁõ∏Ê©üÈõªË©±ÂõõËôïÊãçÁÖßü§îüåö
.
‰Ω†ÂÄëÊúâÂê¶ÁïôÊÑèÂà∞Âú®Ê®ìÊ¢Ø‰∏äÊúâÂÄãÁî®Èõ™Â†ÜÁ†åÊàêÁöÑÂ•≥ÊÄßÈäÖÈ´îÔºü Ë™™ÁúüÁöÑÊâãÂ∑•‰πü‰∏çÈåØÔºåÂ•ΩÁúüÂØ¶ÔºÅ
.
ÂúñÊîùÊñº: Ëµ´ÁàæËæõÂü∫Â§ßÊïôÂ†ÇÔºåËä¨Ëò≠
.
üëâüèª More in #daINfinland, #daINeurope
.
.
.
.
#travel #traveling #passionpassport #travelblogger #tagsforlikes #instalike #followme #photooftheday #helsinki #finland #utravelhk #flydayhk #kkday #girlsvoyage #pbhk #ÊîæÂÅáÂéªÈÇä #vscocam #vsco #milkfoto #meethk #ÈÅäË®ò #hkig #igers","0","4","1","Normal","9198717"
"1253524842444892833","elise.tykkylainen","https://www.instagram.com/p/BFlajPnDiqh/","https://scontent.cdninstagram.com/t51.2885-15/s640x640/sh0.08/e35/13248888_1745900988957390_302263495_n.jpg?ig_cache_key=MTI1MzUyNDg0MjQ0NDg5MjgzMw%3D%3D.2","2016-05-19 09:57:07","Museum of broken relationships","0","4","0","Normal","9198717"
"1253523397574273661","elise.tykkylainen","https://www.instagram.com/p/BFlaON-Dip9/","https://scontent.cdninstagram.com/t51.2885-15/s640x640/sh0.08/e35/13167489_1420930744599485_1132851312_n.jpg?ig_cache_key=MTI1MzUyMzM5NzU3NDI3MzY2MQ%3D%3D.2","2016-05-19 09:54:15","Museum of broken relationships","0","3","0","Normal","9198717"
"1253518458663207065","raiviobumann","https://www.instagram.com/p/BFlZGWQBACZ/","https://scontent.cdninstagram.com/t51.2885-15/s640x640/sh0.08/e35/13258945_1251537431531057_241786682_n.jpg?ig_cache_key=MTI1MzUxODQ1ODY2MzIwNzA2NQ%3D%3D.2","2016-05-19 09:44:26","#herbgarden at #helsinginkaupunginmuseo now ready for business","0","4","0","Juno","9198717"
"1253507244633955528","vellamonvelho","https://www.instagram.com/p/BFlWjKXyRzI/","https://scontent.cdninstagram.com/t51.2885-15/s640x640/sh0.08/e35/13266802_527440314109635_152662086_n.jpg?ig_cache_key=MTI1MzUwNzI0NDYzMzk1NTUyOA%3D%3D.2","2016-05-19 09:22:09","Helsingin kaupunginmuseon lastenmaailma. Ihana mummola. Pakko k√§yd√§- paikka!!! #helsinginkaupunginmuseo #kaupunginmuseo #lastenmaailma #mummola #museo #helsinki","0","3","0","Normal","9198717"
"1253110869851534475","abendstein","https://www.instagram.com/p/BFj8bJlrnSL/","https://scontent.cdninstagram.com/t51.2885-15/s640x640/sh0.08/e35/13188180_1686454191607204_1152431579_n.jpg?ig_cache_key=MTI1MzExMDg2OTg1MTUzNDQ3NQ%3D%3D.2","2016-05-18 20:14:38","Fall in love with #Helsinki ‚ù§Ô∏è","0","4","0","Hudson","9198717"
"1253062827959315369","mmbrace","https://www.instagram.com/p/BFjxgDFwuup/","https://scontent.cdninstagram.com/t51.2885-15/s640x640/sh0.08/e35/13108732_1035454283156468_1451794206_n.jpg?ig_cache_key=MTI1MzA2MjgyNzk1OTMxNTM2OQ%3D%3D.2","2016-05-18 18:39:11","#helsinginkaupunginmuseo #torikorttelit #helsinkicitymuseum #toriquarters","0","4","0","Normal","9198717"
"1253039106393353364","supu_","https://www.instagram.com/p/BFjsG2qP6yU/","https://scontent.cdninstagram.com/t51.2885-15/s640x640/sh0.08/e35/13188086_496083557249989_564584191_n.jpg?ig_cache_key=MTI1MzAzOTEwNjM5MzM1MzM2NA%3D%3D.2","2016-05-18 17:52:03","Museum of broken relationships üíî #heartbreaking #stories","0","4","0","Juno","9198717"
"1253029615530303014","saanalilja","https://www.instagram.com/p/BFjp8vmul4m/","https://scontent.cdninstagram.com/t51.2885-15/s640x640/sh0.08/e35/13116553_638256599659793_193198081_n.jpg?ig_cache_key=MTI1MzAyOTYxNTUzMDMwMzAxNA%3D%3D.2","2016-05-18 17:33:11","üåøüåøüåø","1","4","1","Lo-fi","9198717"
"1253028806991945537","tiiamtu","https://www.instagram.com/p/BFjpw-mFh9B/","https://scontent.cdninstagram.com/t51.2885-15/s640x640/sh0.08/e35/13187972_1548117252160743_1384021205_n.jpg?ig_cache_key=MTI1MzAyODgwNjk5MTk0NTUzNw%3D%3D.2.l","2016-05-18 17:31:35","Kulttuurip√§iv√§ helsingin kaupunginmuseossa Henskun kanssaüëç
#culture#helsinki#museumofbrokenrelationships#opening#insteadofstudying#tarinoitamaailmalta#wednesday#chilling","1","4","0","Lark","9198717"
"1253012178340168499","vilmamonto","https://www.instagram.com/p/BFjl-_9NEMz/","https://scontent.cdninstagram.com/t51.2885-15/s640x640/sh0.08/e35/13188198_999750426760356_681225281_n.jpg?ig_cache_key=MTI1MzAxMjE3ODM0MDE2ODQ5OQ%3D%3D.2","2016-05-18 16:58:33","Upea uusi museo! #helsinginkaupunginmuseo #museumofbrokenrelationships #aikakone #helsinki #turkulainenhelsingiss√§","0","4","0","Juno","9198717"
